220.558441558442,1.04681961072838,0.322508972825158,0.495765437355615,0.758147957277931,2.25346085222046,0.63180966905503,6.34927228060448,5.99348549102715,5.78395575244478,1.99155194248131,0
0,1.20272891445388,0.379422320970774,1.75884039236934,0.453040423518807,0.263848408542725,0.171534476550579,0.484277828016709,0.438420712366878,1.06370272523994,0.368428040361126,0
0,0.890910307002876,0.303537856776619,0.143887256796334,0.708818473475125,0.302538936489525,0.342863553338787,0.523773301258264,0.146969254934544,0.351102745356073,0.21380162588341,0
0,0.645909972577085,0.512220133310545,0.715001402779042,1.60566682654777,0.703197630943293,3.196277052205,2.21746806797419,0.744250441699206,0.313319602176307,0.895563544262429,0
0,0.46772791117651,0.569133481456161,0.573872472702919,2.69646237480832,1.23911030382287,0.0675251718796623,1.00477372713538,1.09997666054395,1.5976164865051,1.27306058254014,1
0,0.378636880476222,0.815757990087165,0.226548514767515,0.178093604748558,0.0405363810106793,0.49745254949371,0.0701586254628474,0.201839849320472,0.158722199733337,0.133767719269578,1
0,0.668182730252157,0.891642454281319,0.548004257215896,1.46427169078936,1.69974112625405,0.499301147355054,1.79168353577093,1.21710128623742,0.803015536488725,0.794444217492545,1
0,0.846364791652732,0.815757990087165,0.234188290589228,0.610483615487139,1.01630498105346,0.455987472464944,2.44533084045923,0.517695508788472,0.752363025763013,0.778573471138527,1
0,1.20272891445388,0.948555802426936,0.219465023957764,0.357548469891148,0.0414050177466224,0.435883970722824,0.584044171113521,1.10324091686719,0.958272906498154,1.0370399117611,1
0,1.24727442980403,1.08135361476671,3.1550041304178,0.276030270920601,2.76725948153082,1.28041076868394,0.401509536694743,0.941116186146166,0.743288471724205,1.50227950488174,0
0,1.4254564912046,1.13826696291232,0.893913441850982,0.670092004306111,0.790785168484225,0.493524279038353,0.501942470057236,1.47956303870382,0.953323149749713,0.485418113485028,0
0,1.40318373352953,1.25209365920355,0.524526719877164,0.305394602277594,0.257225053431159,0.708526480300821,0.503775593287856,0.290985135100441,0.74312347983259,0.81416928796111,0
0,1.1136378837536,1.57460263202871,0.169129892252604,0.213412292795095,0.57952547566339,1.67942548206106,0.346015897076862,0.492747264032264,0.453727701940414,0.362986641611177,0
0,1.06909236840345,1.59357374807725,0.23154353070537,0.221218704442507,0.547204950446839,3.43626099956592,0.591376664036004,0.803317937072159,0.294840510315462,0.646392826504351,0
0,0.579091699551869,1.59357374807725,1.31153527148827,1.85395331419951,0.490454017031888,2.15174223563455,1.29862893592276,0.470052910546867,1.63275975941903,0.781520895461416,1
0,0.645909972577085,1.47974705178602,1.19121024594252,0.765213546942196,0.732948439149345,0.641412107945902,2.05315356748401,0.77673756415433,1.28908164918562,1.51996405081907,1
0,0.601364457226941,1.46077593573748,1.86423426622725,0.243526706410023,0.325087298426715,1.68330240257582,0.60587500231455,0.419223776370668,1.25905312491174,0.677680869316557,1
0,0.601364457226941,1.4228337036404,0.311192380220774,0.269909229284849,1.13418622476041,2.53807351368522,0.355792554306839,0.866116011100245,1.17028748722304,0.756127701294988,1
0,0.645909972577085,1.19518031105794,0.964040000867517,2.47926262962438,0.584085818527091,0.359321209298811,0.744692425142464,0.544742204038193,1.00909040911548,0.55094162343233,1
0,0.46772791117651,1.13826696291232,0.499291783867426,2.69005426465409,1.52293735729229,0.948356377839956,0.662590724086178,0.814276511871614,0.449932888433276,0.376816863433964,0
0,0.35636412280115,0.967526918475474,1.13376852508801,1.47259667782497,0.471163042854485,2.2063272224848,0.455058954704391,0.638706153914377,1.380982132815,0.658409248743821,0
0,0.245000334425791,0.720902409844471,0.306280133333142,1.08010919115365,0.249226356821016,1.99319929405397,0.962611892831102,0.563161936147916,0.992261236170781,0.450502471506189,0
0,0.311818607451007,1.27106477525209,0.967002362920834,0.245026870925896,1.29455828213391,2.89967979534042,0.372457310948845,0.412695263724184,0.689996090732658,0.253478491768455,0
0,0.46772791117651,1.46077593573748,0.96739888441725,1.12591977053651,0.761975383408777,2.02899020264722,1.14153582997745,1.06974342935964,0.830074206713535,0.886041096450018,0
0,0.601364457226941,1.25209365920355,0.315301959807409,0.554662679057007,0.0795526477334581,0.268534514330566,0.432172688916035,0.339482657617182,0.139748132197647,0.222870623799992,1
0,0.980001337703164,1.30900700734917,0.1464684962463,0.182760783242384,0.757378847347745,0.60461987551109,0.60687488771307,1.0548211147391,0.470721866776727,0.858834102700274,1
0,1.35863821817939,1.02444026662109,0.840569751413311,0.586064270867654,1.35601433120188,0.418116891277681,0.929893420623963,1.59458921390378,0.251942618495641,0.953831855876466,1
0,1.55909303725503,0.967526918475474,0.771037974641399,0.335231207648842,0.56486723074435,0.272154685142365,0.540049213578624,0.948499623067785,1.19487127907363,0.325350300257363,1
0,1.84863888703097,1.08135361476671,1.55244132917696,0.387523979384237,0.297037570495219,0.421608687237998,0.196699677564483,1.22821530181418,0.735533852818314,0.596059888067323,1
0,1.55909303725503,0.815757990087165,1.43522880489191,2.06207799008989,0.443113314922988,0.813151984258853,0.714640313998045,1.42492560548384,1.76706315919339,1.0105130928551,0
0,1.4254564912046,0.834729106135703,0.390371563497705,0.282882874264712,0.00481369524501816,0.629267846995682,0.0528272785551606,0.39031179179338,0.755332879812078,0.186367907185751,0
0,1.20272891445388,1.00546915057255,0.976790284325069,1.11434442704984,0.73765355480237,4.62285542678663,1.54876693311928,1.53901913602002,1.25162848978908,0.883773846970873,0
0,0.82409203397766,1.08135361476671,1.00041796087118,1.97550368108437,4.64069176177616,1.89673843065021,1.17697621243611,1.01059821359803,1.01437014964715,3.31630581314596,0
0,0.779546518627517,1.4228337036404,0.424276076302856,0.338731591519212,0.315930419501982,1.64450752245789,0.840736972589228,0.51272140391496,1.35227354367405,0.47952326483925,0
0,0.980001337703164,1.27106477525209,0.783239672533522,0.104298474952319,0.237318794899129,0.0675508468499587,0.662590724086178,0.392254801509596,0.344833053474714,0.276831161403652,1
0,0.980001337703164,1.06238249871817,3.98139727590345,2.16933049270001,1.24576985213177,1.05269945712473,0.87978805232033,1.58363063910433,0.778761728421365,1.44038359410107,1
0,1.20272891445388,0.815757990087165,0.695723913523701,1.10937165948796,0.558099102843459,0.314621086012693,1.71580334386099,1.04712679626289,0.832384093196141,0.453903345724907,1
0,1.35863821817939,0.777815757990087,4.27615711236258,0.504425688324846,1.37371280469672,1.85504227888877,2.68447009827202,1.4947185144903,1.25030855465617,1.35060051472691,1
0,1.13591064142867,1.06238249871817,1.19153362269688,0.185501824580028,0.624730779129763,2.12547674102128,1.01982755730199,0.737411047498127,0.758302733861142,0.635736753952367,1
0,1.2695471874791,1.15723807896086,0.13081744630769,0.0591731559038729,0.064749630025094,0.0484229939791038,0.0739915194905088,0.0963732819242915,0.194525440213726,0.0650700600514727,0
0,1.1136378837536,1.46077593573748,0.125285393974205,0.608196327614173,1.21055387112874,1.59754800178568,1.06343367051524,0.439353357030661,0.860597706662254,0.348929694840476,0
0,1.18045615677881,1.47974705178602,0.145502215706492,0.129477162104531,1.00859583002196,0.579586779472052,0.754135787239601,0.820571863352153,0.642148442164396,0.890802320356224,0
0,1.06909236840345,1.25209365920355,0.562754471910223,0.318247863685196,0.214191341804643,0.281217949657012,0.213586630961717,0.185052245372369,0.196670334804717,0.0766330323951142,0
0,0.890910307002876,1.25209365920355,0.964351828452077,3.08668109415625,2.998678785265,2.87010222955891,1.3239038168298,2.30503128654084,4.43333212768688,4.25063932350178,0
0,1.24727442980403,1.25209365920355,1.21830267342818,0.0957049399478132,0.309922348745042,0.261910371994082,0.301965390353158,0.492280941700373,0.424689129016227,0.45753094489154,1
0,0.957728580028092,0.910613570329858,0.289497264754278,0.114827407387797,0.0478474068715339,0.0252898457420028,0.130429495318104,0.0509068545648475,0.0620369512471256,0.0523734629682585,1
0,1.1136378837536,0.834729106135703,3.64882738238564,2.0945537737761,1.84212516455406,0.587520345293655,1.94238848500347,2.30269967488138,1.74363431058411,2.69190530658932,1
0,1.24727442980403,0.834729106135703,1.39337461354212,0.315905014163493,0.290378022186321,0.379553085892413,0.250749038273391,0.420467302589046,0.436403553320871,0.333285673434372,1
0,1.24727442980403,0.758844641941548,1.62626169766738,1.04916135280768,1.41385106053676,1.44344683006639,1.36384368358181,3.66288419662091,1.31630531130204,0.618278932962948,1
0,1.73727509865561,0.815757990087165,0.117222148593214,0.595148600435995,0.239418000344324,0.598817332224092,1.40761644436148,2.95391881136818,1.95086412645216,0.969249152334654,0
0,1.55909303725503,0.758844641941548,0.0805188869735584,0.466745630207027,0.176007518620476,0.182035539401827,0.31701922051977,0.240544602867486,0.0831559133738067,0.126059071040484,0
0,1.35863821817939,0.910613570329858,0.718991640944427,0.972569620025063,0.292766773210165,4.94913294931391,0.568268201492422,0.744716764031097,0.403900150672775,0.382938437027656,0
0,1.04681961072838,0.910613570329858,0.678979542177499,1.08909165769931,0.262617839833472,1.69210891738751,0.989608798591152,0.745571688306232,0.278341321153992,0.331925323746885,0
0,0.846364791652732,0.967526918475474,0.479061488103708,1.48932073409452,0.371812716180989,1.21796924092297,0.637926884256009,2.78425520294824,1.91242101570594,1.62924547571388,0
0,0.957728580028092,1.06238249871817,0.456711919681963,0.559913254862562,0.496498280986159,0.298959354131858,0.0953224079922772,0.560441722545214,0.614099820589898,0.331925323746885,1
0,1.2695471874791,0.910613570329858,1.48128111946346,0.115577489645734,0.0979387919775876,0.210457731519997,0.174646649608228,0.264871084514504,0.185780869958148,0.193623105519016,1
0,1.33636546050431,0.948555802426936,2.33350590806509,1.95561261083687,5.22687678574844,0.964557284097016,2.16825148669147,1.88316501695611,2.11470107482556,1.07626332775032,1
0,1.24727442980403,0.910613570329858,0.318312443401554,0.709763021503637,0.239924705106958,0.441224364544485,0.349015553272423,0.825623688614313,0.922964641692609,0.706248212753789,1
0,1.24727442980403,0.834729106135703,1.66961728109098,0.612909807481946,0.313143543307497,0.281166599716419,0.463557980591814,0.629846029608434,0.357537429129046,0.463879243433147,0
0,1.2695471874791,0.910613570329858,0.175116211931497,0.226006266508595,0.578367293348799,0.55255103574989,0.414174751742668,0.813810189539723,0.502895285641593,0.33918052208015,0
0,1.20272891445388,0.967526918475474,0.120317326099214,0.46153209550063,0.801824093670168,0.772482831309277,0.282023231571557,0.371503457740414,0.414624623627731,1.23134319212386,0
0,1.04681961072838,1.30900700734917,1.08006873524822,0.306329890031317,2.19526219091227,2.19194923911879,1.05454580030617,0.523369097159822,0.511309872113943,0.219469749581274,0
0,1.1136378837536,1.5176892838831,0.340783278106182,0.130866203322931,0.430916207422453,0.147785129026363,0.142039275778702,0.328368642040429,0.302265145438123,0.115176273540586,0
0,1.06909236840345,1.21415142710648,0.679684041535208,0.358131867202876,0.187553148569054,0.06819272110737,0.504442183553537,0.487462277604158,0.274216523863625,0.110641774582295,0
0,1.2695471874791,1.19518031105794,0.176259579741549,0.135098148901659,0.194212696877951,0.220137195321758,0.213919926094557,0.300000700183682,0.263987026583513,0.202692103435598,1
0,1.49227476422982,1.08135361476671,1.0023505219508,0.43927965518185,2.00437926818877,1.95964210787651,2.41100144177669,1.45601376094329,1.84427936446907,2.62592834674619,1
0,1.35863821817939,0.815757990087165,1.45099342166687,0.733737872933235,0.15288006552599,0.170404777857536,0.214308770416204,0.438109830812283,0.47748653433293,0.160974713019323,1
0,1.55909303725503,1.00546915057255,0.420555318766104,0.205115086583847,0.871061680164302,0.282732772904502,1.01093968709292,1.50956310872219,2.06322360464177,2.19288369622942,1
0,1.53682027957996,0.777815757990087,0.28224053639755,0.288800189855099,0.0421650748905726,0.140005613026539,0.337905715511085,0.416892164711209,0.186770821307836,0.313107153069978,1
0,1.53682027957996,0.493249017262006,3.38896143761106,1.23683008168842,0.574349848445062,0.67989888842028,2.60981198851583,1.30500304579901,1.11551017920696,1.00983291801136,0
0,1.47000200655475,0.777815757990087,0.183175607589222,0.449123327282916,1.10534024648763,0.641694532619163,0.86334549243355,0.4032910966977,0.850533201273757,0.39110053515258,0
0,1.2695471874791,0.967526918475474,1.31914617438548,0.352307154360383,2.50800760904913,1.21953541411106,0.544437599494352,1.889382648048,0.37700647233958,0.487912087912088,0
0,1.04681961072838,1.15723807896086,2.15248614550493,1.11416848182884,0.580176953215347,1.32367309363346,0.986997986717238,0.548783664247921,1.70717110253726,0.422161853016872,0
0,0.980001337703164,1.21415142710648,0.083696833529781,0.553745911852863,0.24300112688009,0.548083590918308,0.670978651595988,0.599535078035471,0.572026888228151,0.739350055149312,0
0,1.1136378837536,1.32797812339771,0.764930388679622,0.290846710583543,0.408440231879925,2.87415887486575,1.28707470465097,1.04728223704018,0.904320557940148,0.638230728379427,1
0,1.13591064142867,1.02444026662109,4.45240129321106,1.39970905495809,0.45483991085822,0.921628733761352,1.14659080615885,2.61606828191262,1.11237533326628,0.870170350096001,1
0,1.24727442980403,1.08135361476671,1.1835935684604,0.426889407513715,1.14862731049546,0.443612136782055,0.840792521778034,0.450001050275522,2.35707416360755,0.559330446505168,1
0,1.13591064142867,1.06238249871817,1.03715009541533,0.608159286515015,0.293961148722087,0.393109470208939,0.337516871189438,0.327591438153942,0.267616848199037,0.23624739572695,1
0,1.13591064142867,0.948555802426936,1.17750908083822,0.760250039655111,1.03639220557214,1.97974560961863,1.41705980645862,1.33096165560765,0.628124131377147,1.0136872421259,1
0,0.957728580028092,1.06238249871817,4.01960192959691,1.75997078536251,3.1453698140474,1.01834634686808,1.83351207494236,1.81212858173127,2.52899571467006,1.98497691899179,0
0,1.24727442980403,0.891642454281319,0.706791867913937,0.610168766144302,0.524186076944346,0.314544061101803,1.96560804592467,1.80427882247776,1.16022298183454,0.418987703746068,0
0,1.35863821817939,1.06238249871817,0.356299587730476,0.412406337743189,1.62865768669603,0.51863439998828,0.814795501416504,0.652695823871129,0.678611650211244,0.888988520772907,0
0,1.18045615677881,0.967526918475474,0.106664282535745,1.189593419988,0.187227409793075,2.0414168882707,1.9783843593502,0.713162286239757,0.56707713147971,0.204959352914743,0
0,1.13591064142867,1.02444026662109,0.394423397235348,0.228469499602559,0.184657692782576,0.496425550681852,0.394288142149874,0.220415022207492,0.24979772390465,0.16482903713387,0
0,0.757273760952445,1.13826696291232,0.914734670136057,1.79182613063784,1.37783882919245,1.26806110797135,1.22202660455834,0.815053715758101,0.459832401930157,0.529402753380449,0
0,0.668182730252157,0.948555802426936,3.73311322357514,2.99091133228491,1.21243591738995,1.90862594189747,1.15014595424248,2.27153379903328,0.615419755722816,1.68615343764043,1
0,0.534546184201726,0.948555802426936,0.067891794660524,0.959716358617462,0.873305658398822,0.731351528894365,0.419229727924077,0.263549837907478,0.517084588320457,0.148731565831938,1
0,0.779546518627517,0.834729106135703,3.0593789293478,1.45602078595206,1.86250193465139,0.815283006793458,1.98804991820257,2.96479966577899,2.64861483609071,1.0837452510315,1
0,0.757273760952445,0.815757990087165,2.3801433805731,0.380708417139284,0.479415091845944,0.0618510034441469,0.361514120753928,0.13989669956752,0.569222026070701,0.133314269373749,1
0,0.645909972577085,0.948555802426936,1.09124063216664,2.16575602663133,4.24383335304214,2.12709426414995,0.581155613295573,1.51780146991894,1.4695827786121,1.45580089055925,1
0,1.06909236840345,0.891642454281319,5.46000476255855,2.46781692998476,1.83875919720228,1.22467040817035,1.20752826627979,4.43013987336011,8.16610868357776,1.88295069243025,0
0,0.779546518627517,0.815757990087165,0.303292748078595,1.0937032745444,0.922528406768932,0.169172379283306,0.616984840075887,0.499664378621992,0.791136120292467,0.713730136034969,0
0,1.13591064142867,0.891642454281319,0.243479597692127,0.275456133883662,0.376155899860705,0.357472611437467,0.343571732769367,0.851970900366196,0.668877128605977,0.616918583275461,0
0,1.20272891445388,0.910613570329858,2.55822387941955,0.649867564166196,0.59754968793421,2.03461302114214,1.37495352134315,0.809846449718643,0.540183453146514,0.229445647289513,0
0,0.980001337703164,1.21415142710648,0.130351629792483,0.0803051029731433,0.366600895765331,0.682235310717257,0.459169594676086,0.192280241516691,0.11664926737159,0.141703092446587,0
0,1.04681961072838,1.21415142710648,0.976224375004942,3.75136509798539,0.881593900587612,2.38748981289655,4.45215638447846,1.93072989480907,0.824464482398635,0.798751991502921,1
0,0.779546518627517,1.13826696291232,0.974006934403629,2.66407919387,2.49204640902617,0.944325407503414,1.45133365595235,1.98427924258797,2.02857530740269,2.07906777237632,1
0,0.82409203397766,1.00546915057255,3.01281267672022,5.35156836240744,4.13152586172416,3.43939334594208,0.971944156550626,4.63850823532707,3.6151373371696,11.3079067772376,1
0,0.82409203397766,0.777815757990087,1.78078381498651,1.46888330763445,1.654680595577,1.40470329988905,1.57948563452938,1.10673833435638,2.76625405481199,1.26285795988398,1
0,0.779546518627517,0.720902409844471,0.278232974477468,0.431325079137808,0.0618903674359478,0.164499534689352,0.322407491834019,0.177202486118859,0.134633383557592,0.131047019894604,1
0,0.757273760952445,0.910613570329858,1.29233477669825,1.07263614939865,4.66059802030819,0.24717293904392,0.971222017096139,1.08925124691044,0.332953637278456,0.665437722129172,0
0,0.645909972577085,1.15723807896086,1.88141558116417,0.569821748887154,0.518214199384737,3.76505466918225,0.81118480414407,0.855235156689438,0.579286531459197,1.21048449691572,0
0,0.534546184201726,1.30900700734917,0.165466880564844,0.369133073652611,0.461680425153772,2.1556705060899,0.798464039907338,0.333964510023129,0.471546826234801,0.606262510723477,0
0,0.779546518627517,1.72637156041702,0.314466569858651,0.151155465386372,0.643116923373893,1.07806632777762,0.587654868385956,0.766245311686766,0.392185726368132,0.526908778953389,0
0,0.757273760952445,1.84019825670825,0.392475437262667,0.333055043073348,1.16154828194262,2.09933962125949,0.64159313071725,0.484819784390105,0.795260917582834,0.628481555619102,0
0,0.668182730252157,1.70740044436848,1.42737151970566,1.06126453195735,0.254076245263365,2.4709848163006,1.13025934464969,0.721322927047862,0.527644069383797,0.686976592181053,0
0,0.846364791652732,1.47974705178602,2.56039897306493,0.993840471216174,0.826942172617857,0.815000582120197,0.60704153527949,0.767177956350549,2.11717595319978,0.936827484782875,1
0,0.445455153501438,1.13826696291232,2.62467202785526,2.69015612767678,1.72142085145529,0.547107942047043,4.39794037620313,0.493524467918751,3.12082162989197,0.745018178847175,1
0,0.445455153501438,0.815757990087165,0.613332136181151,2.11260204934052,1.6134203506197,0.959550664889208,1.5614321481672,0.987826139723988,1.19701617366462,0.707835287389191,1
0,0.512273426526654,0.645017945650316,6.21981309443253,5.06962077589646,4.26815518164855,0.746448411428677,0.9584457036706,3.42785774134748,2.39122748517179,2.13053433555292,1
0,0.579091699551869,0.398393437019313,1.36275968926791,0.730672721977964,0.103946862734528,0.16552653350121,0.323296278854926,0.541633388492248,0.658152655651022,0.209040401977205,1
0,0.846364791652732,0.569133481456161,2.78774438054854,0.936574931918905,1.4697695504131,0.983710811938167,0.599986788301041,0.909250826800231,1.21269040336801,0.663170472650027,0
0,1.04681961072838,0.815757990087165,1.24663856152882,0.796476234631003,2.62758993303063,2.73862070667079,1.20319542955287,2.20174089002682,1.54894387847876,1.1866783773847,0
0,0.913183064677948,0.948555802426936,4.88909657677058,2.45448213428811,0.997737870822675,3.48098679782233,1.60264964626176,1.20280073472608,0.611129966540834,0.954738755668124,0
0,1.04681961072838,1.30900700734917,0.0795814793582463,0.212680731086737,0.25241135818614,1.19044567276518,1.09581884758954,0.749690868904609,0.756322831161766,0.771771722701091,0
0,1.18045615677881,1.25209365920355,0.442691227546576,0.861316678705951,0.83982695086768,0.822600373327946,0.536660713061416,1.6444857034162,0.395815547983655,0.547314024265697,0
0,0.890910307002876,1.13826696291232,0.257107618054365,0.947909508261055,0.339057872596467,1.25953701783292,0.638760122088109,0.284145740899363,0.270916686031331,0.27070958780996,0
0,0.779546518627517,1.30900700734917,1.35562807691733,1.32748817187604,3.1402303800264,4.38210123031682,0.4277287538115,0.723421377541375,0.670857031305353,0.821651211242289,1
0,0.779546518627517,1.21415142710648,0.497083967574278,0.867891473806381,0.783365563031377,1.15393586500363,0.678033398574438,1.50528848734651,0.926264479524903,1.81629355774337,1
0,0.378636880476222,1.06238249871817,0.761815962557291,2.85436858051611,0.945474893876763,0.75995344580461,1.0191054178475,0.68308449583274,0.985826552397808,0.615104783692144,1
0,0.579091699551869,0.834729106135703,1.24300827248882,2.36603724977514,0.998461734769294,0.453086200821445,1.47183130662201,1.33352642843306,0.896070963359413,0.898964418481147,1
0,0.82409203397766,0.701931293795932,0.934112252196319,0.550291829356439,1.21902307930419,0.182985513302796,0.312519736226429,0.510778394198745,0.216634353690096,0.390193635360922,1
0,0.579091699551869,0.645017945650316,1.90585554931944,0.531697197579448,0.481043785725838,0.393648644585164,0.446059986117707,0.285000665174497,0.564767244997104,0.173217860206708,0
0,0.846364791652732,0.891642454281319,1.62445425259392,0.922703040284476,0.63211419138528,2.24491670284036,0.604764018538416,1.29653152343631,0.862412617470015,0.833894358429674,0
0,1.04681961072838,1.21415142710648,0.781101151259165,0.204911360538482,0.149333132187556,2.59145177693154,2.25379723745377,1.42469244431789,0.852678095864748,0.539151926140774,0
0,1.04681961072838,1.46077593573748,0.10170583896892,0.236600020867598,1.55207288114371,1.44326710527432,0.695753589803771,0.610649093612224,0.562292366622884,0.499475060255729,0
0,1.2695471874791,1.53666039993164,1.31136203394129,0.249823693266774,0.347563273969244,0.647111951351714,0.706918976753916,0.736167521279749,0.406210037155381,0.326030475101107,0
0,1.2695471874791,1.46077593573748,0.730858412912393,1.00808277384218,0.189869513198235,1.3522750105437,0.920283410960405,1.03780034962505,1.2181351357913,0.889668695616651,1
0,1.2695471874791,1.32797812339771,0.428416453675621,0.474792808998963,0.313686441267462,2.04323981116175,2.1112580189758,1.61806077127566,0.547443096377561,0.892389394991625,1
0,1.4254564912046,1.00546915057255,0.279574603035728,1.09559237060143,0.118351755272251,0.740106693765454,0.497054141442247,1.27935531754497,1.27340741948222,0.588804689734058,1
0,1.06909236840345,0.910613570329858,1.74114128965313,3.09399671123983,3.82236357012307,0.89474703986097,0.800741556648412,1.01090909515263,0.74345346361582,0.697859389680951,1
0,1.04681961072838,0.720902409844471,0.56855023028744,1.18400947429003,0.346332705259991,0.285454319755926,0.688698842825322,0.830053750767285,2.5035869633614,1.14904203603088,1
0,0.846364791652732,0.663989061698855,0.260687860691902,0.366586498085542,0.631679873017308,0.162856336590379,0.0959334490691507,0.339793539171776,0.267286864415807,0.186594632133666,1
0,0.82409203397766,0.891642454281319,2.10265147782437,0.561598624874222,1.72836994534284,0.913233018474413,1.06137835052939,0.998007510636957,0.904320557940148,1.39594550430982,0
0,0.957728580028092,0.910613570329858,0.969038866528638,0.490331550095473,0.415244552978146,0.535425830562158,0.254304186357019,0.338938614896641,0.6781166745364,1.06265983087544,0
0,0.890910307002876,1.25209365920355,0.0859643205335545,0.708133213140714,0.498380327247369,2.52166720766579,0.612652003348966,0.777514768040816,0.202775034794461,0.3960884840067,0
0,0.82409203397766,1.27106477525209,0.485480901650045,0.974884688722398,0.652852893455922,1.3869875703845,0.344460519790274,0.587022095463043,1.08020191440141,0.897150618897831,0
0,0.757273760952445,1.32797812339771,0.354700027713383,0.131764449977497,0.307642177313191,0.746807861012827,0.642759663682191,0.241632688308566,0.62119447192933,0.243049144164386,0
0,0.890910307002876,1.46077593573748,0.912255448352644,0.579387612744541,1.41949719932039,1.49222927362965,1.55509954064324,1.25230862229525,0.755167887920463,3.91622002532783,1
0,1.13591064142867,1.27106477525209,1.26141764914764,0.263195530062578,0.353933276699493,0.180084241659297,0.26469188466387,0.641970410237619,0.6725069502215,0.372735814371502,1
0,1.1136378837536,1.15723807896086,3.24844268867263,3.01003379972489,1.03375010216698,1.85208965730468,2.87394838129163,1.05311126618883,2.99806766253064,3.85817843866171,1
0,1.35863821817939,0.910613570329858,0.364849823104638,0.0502740318313186,0.0499104191193989,0.0610807543352534,0.314797252967503,0.146269771436707,0.220924142872078,0.0813942563013195,1
0,1.40318373352953,0.758844641941548,5.41353282815099,0.923749451335671,0.532293353146482,0.824012496694251,0.785409980537766,1.51593618059138,2.95285988422821,1.32021937170636,1
0,1.33636546050431,0.663989061698855,0.592060490273934,1.17924969304831,0.63624021588101,0.706164383033548,2.00293710080276,1.68054796374916,0.736523804168002,1.68252583847379,1
0,1.40318373352953,0.701931293795932,0.488818611721813,0.442122559542176,0.502325385756444,0.199340469381634,0.514940980238001,0.276840024366392,0.599250550344575,0.200198129008538,0
0,1.24727442980403,0.891642454281319,0.14275543815608,0.337796303765489,0.764472714024614,0.957085867740749,0.813406771696337,0.865960570322948,1.00793546587418,1.04814943420891,0
0,0.957728580028092,1.06238249871817,0.710578070746214,0.688362526465476,1.05394590627766,1.31979617311869,0.486333148002556,0.43266940360688,0.516589612645613,0.59492626332775,0
0,0.645909972577085,1.19518031105794,0.155126523871914,0.784576781526703,0.214010375817988,1.37386766056301,0.944002914580861,0.31702146529773,0.457687507339166,0.311520078434577,0
0,0.46772791117651,1.25209365920355,0.282869966151568,1.93834219835475,2.12226051189571,1.43582136388835,0.857457278420041,0.51443125246523,0.494975674844088,0.764516524367825,0
0,0.289545849775935,1.25209365920355,0.368859309886353,0.499990016700753,0.652563347877274,1.59246435766699,0.490999279862318,0.540234421496573,0.239238242841309,0.76224927488868,0
0,0.601364457226941,0.948555802426936,0.659257409884915,1.12359544156438,0.102318168854634,0.407076654050207,0.65081429605916,1.85254318382856,0.789321209484705,0.332378773642714,1
0,1.04681961072838,0.891642454281319,2.36469444110596,0.389802006982414,0.43793768770466,0.709194029528529,1.84456636351489,1.23280080474444,0.692800952890108,0.280912210466114,1
0,1.53682027957996,0.967526918475474,1.50288384157156,0.336490605020192,1.17276817311521,0.887378323385889,2.03682210597484,1.76168804949832,0.764242441959271,1.21297847134278,1
0,1.71500234098054,1.02444026662109,1.99347140113418,0.621318136990665,0.219837480588273,2.854260772886,0.242861053462841,1.27445893306011,0.836673882378123,1.42882062175742,1
0,1.4254564912046,1.08135361476671,1.57956840417202,2.93841483450415,1.42018487006968,0.638870285886554,1.10248475024634,1.37860425384926,2.68590300359563,3.22856325830304,1
0,1.35863821817939,1.06238249871817,0.729755467196635,0.8298317444222,1.21978313644814,0.247712113420145,0.559435880472158,1.59085863524865,1.93057012378356,1.63173945014094,1
0,1.06909236840345,0.758844641941548,2.3228825967121,2.13325246212075,0.899618112858432,0.168094030530855,0.629094563235745,1.12134976742232,1.69017693770094,0.660449773275052,0
0,0.980001337703164,0.701931293795932,0.230846730794193,0.575137146616234,0.0602616735560545,2.03343197250851,0.697475614656779,0.806504473006752,0.430958820897586,0.506956983536909,0
0,1.33636546050431,0.948555802426936,0.230425186096548,0.21431979972445,0.504605557188295,0.627855723629377,0.406620062064959,1.08482118475747,0.387070977728077,0.220149924425017,0
0,0.957728580028092,1.02444026662109,0.225782419837548,0.678611457112303,1.69869152353145,0.244887866687536,0.338461207399152,0.253446187383157,0.273886540080395,0.52849585358879,0
0,0.913183064677948,1.40386258759186,0.18414766271393,0.336935098210081,0.963426719752921,0.486848786761276,0.447282068271454,0.308938544878273,0.787836282460173,0.37364271416316,0
0,0.779546518627517,1.25209365920355,0.285816929311821,0.72918181773688,0.221104242494857,0.810918261843062,0.299132381724017,0.363109655766363,0.313484594067922,0.328297724580252,1
0,0.757273760952445,1.15723807896086,1.21271095038407,0.346121290801104,0.721692354779415,0.439170366920769,0.941447651895754,0.96287789496778,0.874292033666273,0.262774214632951,1
0,1.06909236840345,1.13826696291232,0.52713875711326,0.0591268545299262,0.0713729851366603,0.0502459168701517,0.0661035346799591,0.103912159623208,0.0815059944576598,0.081167531353405,1
0,0.913183064677948,0.967526918475474,2.89241258157078,3.00304229225894,1.9422355483715,1.94410875084716,0.58204440031648,0.718913594999755,0.959097865956227,3.26506597491728,1
0,0.601364457226941,0.777815757990087,0.319992847607236,2.30912360091987,1.13136315536859,0.106756526492637,0.10365478631328,0.257099045649642,0.280321223853368,0.281365660361943,1
0,0.378636880476222,0.550162365407623,1.54056685776246,2.01042417731496,1.48884336540652,0.105344403126332,4.41821583011757,1.11435493244394,1.52023528933781,1.10301687160423,0
0,0.155909303725503,0.550162365407623,0.641065542590633,0.545587609763455,0.728243323496319,0.568289792541614,1.30796119964228,0.282902214680985,0.485736128913665,0.837068507700478,0
0,0.35636412280115,0.512220133310545,0.338284807706438,0.896024188616391,0.631317941043999,0.302733574765436,0.200810317536178,0.64134864712843,0.608325104383384,0.33464602312186,0
0,0.757273760952445,0.834729106135703,0.243167770107567,0.670990250960677,0.0142239265510687,2.30936087828445,0.358347816991946,0.678654433679769,0.635383774608194,0.30018383103885,0
0,0.668182730252157,1.06238249871817,0.284205820124929,0.680963566908795,0.951627737423027,0.589420293095592,0.94000337298678,0.453809349319305,0.586711166581859,1.07785040238572,0
0,0.601364457226941,1.06238249871817,0.28922970898728,1.49817355679313,0.337573951505898,1.6950358640013,0.509163864602105,0.497332766962533,0.426174056040759,0.446648147391642,0
0,0.512273426526654,1.06238249871817,1.30859600777455,0.932787479530065,0.17126620977012,0.904477853603324,0.576989424135072,0.434845574489041,0.253427545520173,0.419441153641897,0
0,0.378636880476222,0.910613570329858,0.825842635058581,0.773723739473598,0.380354310751097,0.598175457966681,0.472501399989691,0.304353041948004,0.476496582983242,0.534390702234568,0
0,0.445455153501438,0.720902409844471,1.17048911046236,1.04015110543766,0.195407072389873,0.407872578129397,0.387122296793811,0.604897784852226,0.453067734373955,0.269802688018301,0
0,0.222727576750719,0.569133481456161,0.35240751750838,5.40138864077409,0.772688569818743,2.74267735197763,0.306020481136046,0.508135900984692,1.00133579020959,1.37486008415376,1
0,0.289545849775935,0.720902409844471,2.7643650111531,11.0192639855733,28.9184370538346,13.0932335273477,24.7198889616756,11.240078047141,23.952037897597,37.5411168756894,1
0,0.245000334425791,0.777815757990087,0.134674869020391,0.183233057256641,0.349264354243799,0.121904758967542,0.136095512576386,0.0727462837751103,0.137108261931812,0.230352547081172,1
0,0.378636880476222,0.967526918475474,1.10487442711378,0.934972904380349,1.66633480511757,0.321758727755106,0.636760351291068,1.38536592766169,1.06551763604771,1.64148862290126,1
0,0.913183064677948,1.02444026662109,1.29650595185714,0.238461336100255,0.260482441190945,0.108502424472796,0.104599122522994,0.312824564310704,0.459502418146928,0.719851709628661,1
0,1.06909236840345,1.00546915057255,1.20434357686505,0.449104806733338,0.195443265587204,0.80406304477391,0.640148851808276,0.732359222235967,1.36761778959421,0.740937129784713,1
0,1.20272891445388,0.948555802426936,6.9181124728213,1.02182502162955,0.853797525037432,0.884887851267133,0.405286881533598,0.789794589447298,0.951178255158722,1.09462804853139,0
0,1.1136378837536,0.720902409844471,2.06961122789247,2.5053858648051,0.582239965463212,0.578508430719601,1.07948738608037,1.51018487183138,0.989951349688175,1.20186894889497,0
0,0.913183064677948,0.948555802426936,0.305908635037957,0.429648969400938,1.17309391189119,1.01043845601677,0.280079009963323,0.463602118289031,0.280981191419827,3.27934964663589,0
0,0.957728580028092,1.02444026662109,0.334053961836919,0.212347361194321,0.527298691914809,0.814127633130118,1.04154729012541,0.675001575413283,0.264152018475128,0.719624984680747,0
0,0.957728580028092,0.948555802426936,0.124742582993675,0.974190168113198,0.552054838889188,0.489724383434478,0.729083103087784,0.63062323349492,0.916364966028021,1.35853588790392,0
0,0.890910307002876,1.27106477525209,0.837628562837958,1.01633367867948,1.60668841591614,2.59494357289186,0.68303282556704,1.0295619884283,0.711610028534183,1.10551084603129,1
0,0.957728580028092,1.13826696291232,0.318302819093388,0.273872626894686,0.474963328574236,0.162394187125043,0.28263427264843,0.258575733033966,0.171426575387669,0.250531067445566,1
0,0.82409203397766,1.02444026662109,3.63916457698755,0.916359752053779,1.87285318908804,0.549161939670759,1.24696819033254,0.762437012642983,0.882376636355394,1.48278115936109,1
0,0.82409203397766,0.910613570329858,3.76929484769223,4.51344867204879,1.40552662515064,0.883064928376085,0.750747286722393,2.41236314326458,1.69017693770094,10.3592895951632,1
0,1.06909236840345,0.910613570329858,1.81296942635331,0.137311354576311,0.405580969290779,0.405561830802717,0.293355266088121,0.594016930441419,0.364962064251707,0.397902283590016,1
0,1.20272891445388,1.06238249871817,2.32530407264652,0.198975524398516,0.327403663055897,0.82568136976352,0.281856584005137,0.622540313075463,0.330313767012621,0.282499285101516,0
0,1.33636546050431,1.06238249871817,1.72201008988191,0.262788077971847,0.28733779361052,0.248533712469631,0.120652838088127,0.379586378159871,0.155752345684273,0.254612116508027,0
0,1.20272891445388,1.27106477525209,0.995384447700665,0.877392515740242,1.31609323454583,0.497863349018453,0.92322751796716,0.370803974242576,0.475836615416783,1.14337391233302,0
0,0.779546518627517,1.06238249871817,1.62220216448321,1.95946488514923,0.980871840866446,0.866632947386357,0.279412419697642,0.522281011718741,0.844923476958858,0.701033538951755,0
112.441558441558,0.779546518627517,1.06238249871817,2.26810873408105,1.18732465266461,0.40449517337085,0.590549991788636,2.03543337625467,2.29500535640516,5.89961506846668,8.37680665059847,0
0,0.668182730252157,0.645017945650316,0.437513349753578,3.12104597389948,0.695017968346495,0.358884734803772,2.06931838142675,2.37855477420243,0.728934177153726,0.903952367335267,1
0,0.445455153501438,0.569133481456161,1.68668695405317,0.691612882916534,0.560270694683317,0.719489692617405,0.946447078888356,0.29160689820963,0.500420407267373,0.542099350463663,1
0,0.512273426526654,0.512220133310545,0.491099572757018,2.8552483066211,1.59438272882361,1.41766915988876,1.38423023587387,1.36920008682278,1.86490335092091,3.13492585481433,1
0,0.913183064677948,0.303537856776619,0.0637398681179607,0.593944764713381,0.174089279161935,0.0625699026124475,1.30118419860787,0.979510058138585,0.801695601355807,0.75227337718044,1
0,1.1136378837536,0.43633566911639,0.118771662207847,0.293939642363182,0.0360122313443088,0.19279335195604,0.430117368930188,0.570079050737644,0.495635642410546,0.39858245843376,1
0,1.4254564912046,0.43633566911639,0.681466463407444,0.324044795703321,0.291789556882229,0.389232549694175,0.659479969513004,0.629612868442488,0.413634672278043,0.316281302340782,0
0,1.71500234098054,0.512220133310545,2.42024017325188,0.38244008852489,0.891945155024268,0.420761413218215,1.70569339149817,1.07083151480072,0.637033693524341,1.16786020670779,0
0,1.53682027957996,0.948555802426936,0.111828686297311,0.34226901648874,0.31397598684611,1.59831825089458,1.57615268320097,0.695675198793817,0.86538247151908,0.950430981657747,0
0,1.40318373352953,1.08135361476671,0.196276215863995,0.378735978609155,0.477134920414094,0.416293968386633,0.851069121707272,0.553835489510081,1.39434647603579,0.761795824992851,0
0,1.40318373352953,1.00546915057255,0.101957995842854,0.279780682210284,0.142384038300011,0.238674523875795,0.700253074097113,0.511089275753339,0.356217493996128,1.17851627925977,0
0,1.1136378837536,0.948555802426936,0.764787948918773,2.1704695064991,0.907182491100604,1.88056319936345,2.13747723609256,0.99217848148831,0.868517317459759,1.36193676212264,1
0,1.06909236840345,0.720902409844471,0.988010302784319,1.76714749832425,0.971135870784416,0.738668895428853,1.51460418200316,1.4835267785249,1.67945246474599,1.08918664978145,1
0,0.980001337703164,0.701931293795932,0.361929808007249,0.10904899591925,0.0773810558936003,0.106499776789673,0.086267890216787,0.0857255886794302,0.0933854106539179,0.106787450467748,1
0,0.757273760952445,0.720902409844471,2.13869836162714,0.333481015713657,0.331022982788993,0.171714201342654,1.08543114928269,0.196243981337771,0.214984434773949,0.409691980881572,1
0,1.35863821817939,0.512220133310545,1.54581788029751,0.134329546094144,0.102390555249296,0.0483459690682145,0.497776280896734,1.12166064897691,0.402910199323087,0.391553985048409,1
0,1.40318373352953,0.663989061698855,4.1957710408417,1.57094079608775,1.9493656082457,1.19427124333935,1.23796922174586,1.89435675292152,1.85665375634017,2.21532946607296,1
0,1.24727442980403,0.891642454281319,0.42107695626867,0.249703309694512,0.284840462994684,1.11619365866785,0.0655480427918922,0.184041880319937,0.0727614242020809,0.209493851873034,0
0,1.13591064142867,1.15723807896086,0.475791148189097,1.1243640443719,4.48538675202899,1.74802900269317,0.638537925332882,0.713317727017054,0.406045045263767,0.445967972547898,0
0,0.645909972577085,1.53666039993164,0.524979062360939,0.433223435469622,2.49577430835126,0.752199604775082,0.560769061003519,0.838602993518633,0.517084588320457,0.622133257077495,0
0,0.445455153501438,1.46077593573748,0.158423811849388,1.14566267638738,0.458495423788647,0.656380615628732,0.274301894327427,0.384094160701491,0.163836948373393,0.338273622288492,0
0,0.779546518627517,1.40386258759186,0.183227578853315,0.328341563205575,1.03251953345773,1.34529141862307,1.18575298426757,1.26723093691578,1.55999833521695,0.900324768168634,1
0,1.13591064142867,1.32797812339771,0.252187671720201,0.132199682892596,0.370944079445046,0.511060283750828,0.471445965402364,0.573265586672237,0.480786372165224,0.316508027288696,1
0,1.06909236840345,1.08135361476671,2.01597880820984,0.598463778810578,0.653576757402541,0.213461703044681,0.258581473895134,0.377565648055006,0.612449901673751,0.587444340046571,1
0,1.18045615677881,1.15723807896086,0.176326949898707,0.0909729395304612,0.0859226504637077,0.057743008196715,0.18031266686651,0.0595338177048446,0.062366935030355,0.0823011560929777,1
0,1.49227476422982,0.891642454281319,2.57024464031816,0.530632265978674,0.447203146221387,0.580921877927467,3.00271140094554,4.5720573030325,9.33738612215048,3.17324237101189,1
0,1.4254564912046,0.701931293795932,0.709068979225876,0.425454064921367,0.470692531289182,0.167272431481369,0.0882121118250211,0.669872029762474,0.747413269014572,0.282272560153601,1
0,1.40318373352953,0.948555802426936,3.01355374844895,1.52262994251177,5.68808669933691,2.56826727875385,1.44355676951941,1.31417405165955,3.24968029724305,1.71336043139017,0
0,1.64818406795532,1.00546915057255,0.481881410396177,0.460263437854491,0.0771277035122835,1.01475185102657,0.802519130690226,0.939484057984545,0.926924447091361,0.707835287389191,0
0,1.1136378837536,1.02444026662109,0.139132848562615,0.230636403903264,0.0920393008126405,0.123188507482365,0.149149571945958,0.149922629703192,0.132488488966601,0.0562277870828057,0
0,0.913183064677948,0.967526918475474,2.73483763370158,1.05118009271176,0.484699298656265,0.461738665811348,0.716695633983893,0.628058460669516,0.517084588320457,0.733001756607705,0
0,0.980001337703164,0.967526918475474,0.502648742555525,0.0962049947864375,0.584845875671041,0.0985918859383662,0.0858790458951401,0.133834509252927,0.103119932259185,0.4475550471833,0
0,0.601364457226941,0.948555802426936,0.240213107500782,1.1783051450198,1.8266344760964,0.685906831469649,1.1461464126484,0.397073465605811,1.62418018105507,1.0962151231668,1
0,0.601364457226941,1.06238249871817,3.01005435000001,0.516639990771983,0.603123440323178,0.400195762010759,0.368291121788344,0.433058005550123,0.497285561326693,0.441886923485436,1
0,0.579091699551869,1.13826696291232,2.57470839444528,1.36031584600424,0.561573649787232,1.20513175577475,0.620484438970709,0.707955020200299,1.23991406548444,1.1664998570203,1
0,0.779546518627517,0.910613570329858,2.21555616177457,1.13325390816966,1.67617935479159,0.315262960270104,1.45983268183977,1.97308750662257,0.828424287797388,0.379991012704767,1
0,1.04681961072838,1.02444026662109,0.3344601076415,0.776288835590245,0.663855625444535,2.69001798789961,1.17042140815692,1.41046961319519,0.913560103870571,0.507410433432738,1
0,0.980001337703164,1.30900700734917,1.24244621289196,0.804227084629679,4.89693959887938,4.18347966010349,1.0531015213972,1.30725693706982,1.54217921092256,1.31636504759181,1
0,0.980001337703164,1.21415142710648,1.18829600543003,1.4333145921686,0.307316438537212,0.729117806478574,0.917783697464104,0.611581738276008,1.16517273858298,0.711916336451652,0
0,0.82409203397766,1.32797812339771,0.132998314537975,0.437973956436553,0.433268765248966,0.712198001053213,0.295299487696355,0.387980180133922,0.227853802319895,0.541872625515748,0
0,0.846364791652732,1.21415142710648,0.252705459499501,0.451382834331515,0.210825374452863,0.709887253726533,0.378734369284001,0.682074130780308,0.478971461357462,0.462972343641489,0
0,0.846364791652732,0.834729106135703,0.118259649013447,0.599917641952504,0.186901671017096,0.359732008823554,0.760801689896403,0.311036995371786,0.545463193678185,0.253025041872626,0
0,0.846364791652732,1.06238249871817,0.232471314012516,0.598065586994636,0.889990722368396,1.27958916963445,0.210142581255702,0.529275846697117,0.451582807349423,0.29768985661179,0
0,0.913183064677948,0.834729106135703,0.398238472992122,2.26251663790512,1.00953685315257,0.567031718997088,1.59515050577286,1.78609225153399,1.34715879503399,1.12342211691654,1
0,0.957728580028092,0.891642454281319,2.16951732123446,0.442530011632907,0.881340548206296,0.648292999985351,0.435227894300403,0.856634123685113,0.426834023607218,0.433724825360513,1
0,0.980001337703164,0.834729106135703,0.353581683104561,1.47941224006993,0.207495600298415,0.71930996782533,0.647981287430019,0.872333642192135,0.277186377912689,0.384298786715144,1
0,1.18045615677881,0.663989061698855,1.6428501552213,3.44698912593462,2.3694600496662,2.20096115369284,1.7018049482817,4.62824914402545,4.47243520599956,4.68368397401855,1
0,1.24727442980403,0.758844641941548,0.516182444697743,0.913285340823718,0.0734359973845252,0.814538432654861,1.03227057559469,1.23373344940823,0.805160431079716,0.883547122022958,1
0,1.13591064142867,0.379422320970774,0.419639084628756,2.19463882369927,0.337429178716574,0.442841887673161,1.38689659693659,1.51461493398435,1.27126252489123,0.707835287389191,1
0,1.2695471874791,0.550162365407623,2.69048112222878,1.4326200715594,3.25188639379242,0.833127111149491,1.99732663273329,2.55723394770561,1.18018700071992,1.0869194003023,0
0,1.06909236840345,0.493249017262006,1.91896385704075,13.5289003165067,7.98544989991983,4.18365938489556,6.96603492392514,5.19669606660147,5.79732009566557,3.4650373789779,0
0,1.20272891445388,0.398393437019313,0.747891513503558,1.36745551786682,0.361244302560348,0.38384080593192,0.664923790016059,3.009255728086,2.24372473406825,0.747285428326321,0
0,1.35863821817939,0.663989061698855,0.177818717664348,0.397321350111357,0.180965986654818,0.681567761489549,0.778910725447384,0.808369762334319,0.494150715386014,0.419214428693983,0
0,1.40318373352953,0.815757990087165,0.0907976480942298,0.267047804374943,0.144953755310509,1.91388931080824,0.496776395498214,1.37425191208494,0.427328999282062,0.581096041504963,0
0,1.2695471874791,1.08135361476671,0.349141027317035,0.74275738057805,0.930635682971068,2.23803581080091,0.443282526677373,0.313524047808542,0.22521393205406,0.12288492176968,0
0,0.957728580028092,1.30900700734917,0.0611663281145267,0.579276489447069,0.227401858830445,0.717666769726357,0.380067549815362,0.338161411010155,0.626144228677771,0.715090485722456,1
0,0.913183064677948,1.32797812339771,0.403468322049213,0.507537140654063,0.53370488784239,0.621668055787932,0.456503233613365,0.744250441699206,0.789981177051164,0.699899914212182,1
0,0.890910307002876,1.15723807896086,0.49828315637169,0.229951143568853,0.436779505390069,0.21954667100494,0.839903734757127,0.509534867980367,0.74031861767514,0.407651456350341,1
0,0.980001337703164,0.758844641941548,0.308434053500564,1.0124073221688,0.386832893073339,0.0664468231272114,0.258192629573487,0.372047500460954,0.859112779637721,0.11290902406144,1
0,1.04681961072838,0.720902409844471,0.514840816139483,0.682491512249035,0.244195502392012,0.770890983150897,0.601764362342855,0.495622918412263,0.419904364159401,0.504236284161935,1
0,1.2695471874791,0.493249017262006,3.24522624488374,0.374328087809429,0.114804821933817,0.30863881793362,2.77601516142544,1.35575445958656,0.47996141270715,0.287940683851465,1
0,0.779546518627517,0.322508972825158,1.36455943489484,3.91776297567501,1.72037124873269,1.02866768492725,2.68958062364224,0.521581528220903,0.807140333779092,0.757034601086646,0
0,0.82409203397766,0.720902409844471,1.16684149766767,0.127902915390343,0.128630623314245,0.433342148663475,0.16120374591701,0.12917128593401,0.0821659620241185,0.148278115936109,0
0,0.957728580028092,0.701931293795932,0.219707556523533,0.48533100170923,0.165221945815849,0.415498044307443,0.393732650261807,0.66730725693707,0.235113445550942,0.154626414477716,0
0,0.913183064677948,0.910613570329858,0.0760936300790971,0.236646322241545,0.255379200367279,0.399040388347419,0.634982777249254,0.876141941235918,0.573676807144298,0.101572776665713,0
0,1.18045615677881,0.948555802426936,1.12743380545353,4.43910718603998,4.24303710270086,0.673505820816464,1.33568024485682,2.22179275029816,2.06784337760698,1.41521712488255,1
0,1.47000200655475,0.777815757990087,4.2073721819043,1.11589089293966,1.55145759678909,1.02532993878871,2.32612228128007,2.77803757185635,0.982526714565514,1.06855467952122,1
0,1.40318373352953,0.967526918475474,1.15132903776664,0.354224031241776,1.39503059792466,0.295108108587391,0.446226633684127,0.560908044877106,0.47468167217548,0.541645900567834,1
0,0.957728580028092,0.910613570329858,0.50897961246674,1.07932206779656,0.664072784628521,0.654146893212941,0.344182773846241,0.369560448024198,0.538533534230367,0.248943992810164,1
0,1.06909236840345,1.00546915057255,1.40650216987976,1.00593439009105,1.69847436434746,0.363300829694761,1.33751336808744,0.994665533925066,0.694120888023026,0.626214306139957,1
0,1.04681961072838,1.00546915057255,0.1348673551837,0.305737232444799,0.501818680993811,0.252333608073506,0.560991257758745,0.688447202649495,0.221584110438537,0.109281424894808,1
0,0.980001337703164,0.815757990087165,0.726433156017931,1.20779912022384,1.12492076624368,0.336727235437936,0.505608716518477,0.945701689076434,0.646108247563149,0.648433351035582,0
0,1.18045615677881,0.834729106135703,0.207835009970668,0.518834675897056,0.500877657863206,0.406896929258132,0.280245657529743,0.528343202033333,0.310679731910472,0.210627476612607,0
0,1.18045615677881,0.758844641941548,0.0238086135396224,0.491007550155094,0.492878961253063,0.0844193023347261,0.407564398274672,0.415959520047426,0.223893996921142,0.220149924425017,0
0,1.04681961072838,0.948555802426936,0.0497153262593069,0.258602433767066,1.38124098974157,0.425408582841872,0.181979142530711,0.486762794106321,0.521539369394054,0.675867069733241,0
0,0.980001337703164,0.910613570329858,0.131031105948962,0.749554422273425,0.578729225322109,0.196362172827246,1.18703061561012,0.445104665790659,0.304905015703958,0.350970219371706,1
0,1.18045615677881,0.815757990087165,1.61529383608207,3.06531764021725,1.5736802199503,2.08059689294308,8.63489920324447,6.40089576832322,1.44813383270219,2.8039074308591,1
0,1.1136378837536,0.834729106135703,1.15356765184592,0.849176458457128,1.10190189274119,0.513756155631955,3.80089769490884,0.572799264340345,0.739823642000296,0.85067200457535,1
0,1.24727442980403,0.493249017262006,0.792937125441001,1.23958038330085,0.417343758423342,0.497657949256081,0.577767112778365,1.96671443475338,0.420069356051016,0.528042403692961,1
0,1.13591064142867,0.758844641941548,0.655124731958682,1.08115560220485,3.52612224996913,0.593297213610356,0.774133495210008,0.64756627822032,0.708145198810275,1.04678908452143,1
0,1.06909236840345,0.834729106135703,1.24840365964636,2.85222019676499,3.12350912285949,3.20035937248214,4.46048876279946,5.10296527789123,2.30394677450761,4.73968503615344,1
0,1.24727442980403,0.701931293795932,1.14697307589097,2.33889538436759,0.508984934065342,0.490520307513668,2.20652487777927,2.81254542441634,4.58842450580469,2.83587564851505,0
0,1.04681961072838,0.967526918475474,0.115666860393682,0.327897070015686,0.51832277897673,1.64324944891336,1.60826011433124,0.453731628930656,0.170271632146366,0.983079374157441,0
0,1.04681961072838,1.06238249871817,0.333624717692741,0.640542467453332,0.216616286025817,3.61470204312624,0.941725397839787,0.57140029734467,0.459832401930157,0.226044773070795,0
0,0.579091699551869,1.08135361476671,0.137023200212754,0.662304113208278,0.0330443891631698,1.10933844159869,0.415063538763575,0.177047045341561,0.389875839885526,0.231486171820744,0
0,0.512273426526654,1.27106477525209,0.312358846370423,0.579554297690749,0.508586808894701,0.272231710053254,0.429950721363768,0.578395132323046,0.388060929077765,0.689243841660199,0
0,0.890910307002876,1.32797812339771,0.0973537268165156,0.0667851017807091,0.165982002959799,1.06746256504519,0.265802868440004,1.21251578330715,0.647098198912837,0.329431349319825,0
0,1.06909236840345,1.06238249871817,0.831399710593296,1.17603637769641,0.857959742730493,0.53837845214625,0.56526854529686,0.967074795954805,1.33395944370482,0.902365292699865,1
0,1.33636546050431,1.02444026662109,0.724850919755536,0.901413668543786,1.56484907980154,0.179442367401886,0.544548697871966,0.747514698022448,0.997870960485681,0.35913231749663,1
0,1.20272891445388,1.08135361476671,0.197153952768682,0.162953055467989,0.267105796302512,0.0788221588101001,0.0797686351264044,0.117435507248068,0.107409721441167,0.22627149801871,1
0,0.890910307002876,0.834729106135703,4.06602766732527,1.22827358778307,0.930128978208435,0.895132164415416,0.477278630227066,0.936686123993194,1.21302038715124,0.917329139262225,1
0,1.1136378837536,0.910613570329858,1.7261466175314,0.712994857405116,0.51155465107584,0.925736729008784,1.1336478451669,2.21643004348141,2.48048809853534,1.63196617508885,1
0,1.06909236840345,0.834729106135703,0.847039211362108,1.34851825592263,0.777321299077106,0.810764212021283,0.59748707480474,0.818162531304045,0.890461239044514,0.806914089627844,0
0,0.913183064677948,0.948555802426936,0.257217335167451,0.623698027611525,0.844278714139389,1.04769283791692,0.477334179415873,0.314923014804217,0.150967580827447,0.267081988643327,0
0,1.06909236840345,0.910613570329858,0.0606081182409322,0.199864510778292,0.152047621987378,0.184089537025543,0.516829652657428,0.341425667333397,0.383606148004168,0.418307528902324,0
0,0.846364791652732,1.06238249871817,0.13483655739757,0.406433460504066,1.46607784428534,0.364789977971955,0.14426124333097,0.569845889571698,0.275701450888157,0.294969157236815,0
0,0.846364791652732,1.06238249871817,0.122775374404663,0.639477535852558,0.560632626656627,0.227762661499804,0.882454413383051,0.331477457586373,0.388060929077765,0.594019363536092,0
0,1.04681961072838,1.02444026662109,0.112246381271691,0.531752759228184,1.22633410516504,0.983685136967871,1.4085607805712,0.694120791020844,1.38824177604605,1.14745496139548,1
0,0.913183064677948,1.08135361476671,0.297464267053615,0.680491292894538,0.529796022530646,0.697178143429791,0.406620062064959,0.72031256199543,0.323384107564804,0.802152865721639,1
0,0.957728580028092,0.967526918475474,0.266260335119682,0.666897209503789,0.803163241971414,0.274927581934382,0.275579525669981,0.645079225783564,0.669207112389206,0.453449895829078,1
0,1.24727442980403,1.00546915057255,0.211267038262457,0.553042130968873,0.640836751942042,0.250793109855719,0.382011771423596,1.23008059114174,0.283291077902433,0.47702929041219,1
0,1.47000200655475,1.02444026662109,0.304101189964491,0.212310320095163,0.347816626350561,0.942245734909401,0.571045660932756,1.10230827220341,0.55090792610147,0.567719269578006,1
0,1.13591064142867,1.19518031105794,1.28906443678364,1.99464466907393,4.39957268115728,3.69853082114415,0.7699117568607,0.619042895586275,1.46298310294751,0.532123452755423,0
0,0.913183064677948,1.32797812339771,0.0812715078720945,0.414934392760679,0.319477352840416,1.14566852456817,0.26385864683177,0.236192261103163,0.380636293955103,0.564545120307202,0
0,0.668182730252157,1.47974705178602,0.0943124454362421,0.444113518621884,0.223710152702686,1.1975576395373,0.820794813807627,0.530752534081441,0.29830534003937,0.377950488173537,0
0,0.534546184201726,1.46077593573748,0.0455884229179737,0.279762161660705,0.223239641137384,0.561434575472462,0.145872169806364,0.463757559066328,0.355062550754826,0.36616079088198,0
0,0.757273760952445,1.46077593573748,0.0643500492556485,0.246026980603145,0.627951973692219,0.633966366559932,0.334406116616264,0.224067880473978,0.2874158751928,0.421481678173128,0
0,0.846364791652732,1.21415142710648,0.953980673973018,0.753471518509315,0.419117225092559,0.459607643276743,0.900618998122838,0.421788549196072,0.719199655548459,0.619639282650435,1
0,0.534546184201726,1.00546915057255,0.123955314585744,1.42056319378368,0.375685388295403,0.543898570759987,0.863567689188777,0.26852394278099,0.305070007595573,0.520333755463867,1
0,0.82409203397766,0.834729106135703,0.758982566233391,0.709049980344858,0.270833695627601,0.977523144096723,2.32617783046888,2.54798522145643,0.974937087551238,1.62720495118265,1
0,0.957728580028092,0.645017945650316,0.276762380189791,0.266306982391796,0.392551418251632,0.0647522750876457,0.341238666839486,0.266114610732882,0.213169523966187,0.0707381837493362,1
0,0.980001337703164,0.815757990087165,0.840023090709515,0.429676750225306,1.14384980844777,0.969512553364231,1.29762905052424,0.52686651464901,1.23512930062761,1.03908043629233,1
0,1.06909236840345,0.815757990087165,0.651194164503924,2.95731505534919,1.40281213535082,0.525386917176247,0.568212652303615,0.793602888491081,0.984341625373276,1.14609461170799,0
0,0.601364457226941,1.13826696291232,0.0989994835128029,0.281104901505159,0.715068999667849,1.58881851188489,0.214475417982624,0.322772774057728,0.3446680615831,0.43757914947506,0
0,0.645909972577085,1.27106477525209,0.0557382183092284,0.406674227648589,0.342568612737571,1.02712718670946,0.189867127341261,0.600934045031147,0.21151960505004,0.353917643694595,0
0,0.757273760952445,1.25209365920355,0.0231965075403015,0.337898166788172,0.174306438345921,0.763470916735223,0.466779833542602,0.443627978406335,0.626474212461,0.454810245516565,0
0,0.846364791652732,1.47974705178602,0.351741515383332,0.690566471865339,0.266707671131871,1.29817784812908,0.423951408972645,0.491426017425238,0.715569833932936,0.622813431921239,0
0,1.24727442980403,1.27106477525209,0.687477806287567,0.274881996846723,0.653468177810549,0.367434499912489,0.165425484266318,1.53917457679731,0.991766260495937,0.67881449405613,1
0,1.2695471874791,1.30900700734917,0.124492350981374,0.243526706410023,1.16310458942785,0.22663296280676,0.272857615418453,0.550027190466299,0.258377302268614,0.36616079088198,1
0,1.24727442980403,1.32797812339771,0.468565217618498,0.565015666271487,1.18742641803426,0.73073532960725,0.580322375463473,0.709509427973272,0.850533201273757,1.15153601045794,1
0,1.35863821817939,1.08135361476671,0.113530263980958,1.53592769710926,0.951627737423027,0.13363822039302,0.721583962598881,1.14552080829204,1.49598148127045,0.686976592181053,1
0,1.06909236840345,0.967526918475474,0.0897255001646017,0.266973722176628,0.187661728161046,0.156180844313302,0.237972724847853,0.216529002775061,0.128858667351077,0.191355856039871,1
0,0.890910307002876,0.910613570329858,1.18998988366714,0.879411255644318,1.33683193661647,1.05588315344149,0.91467294289093,0.530985695247387,0.810605163503001,2.04415213039748,0
0,0.957728580028092,0.663989061698855,0.391384040716708,0.334055152750596,0.297544275257852,0.0775897602358705,0.71741777343838,0.363109655766363,0.442673245202229,0.318548551819927,0
0,1.18045615677881,0.910613570329858,0.0904684967549723,0.223885663581836,0.799471535843656,0.177414044748466,0.536827360627836,0.817696208972154,0.358527380478734,0.48201723926631,0
0,1.2695471874791,1.19518031105794,0.207190181323584,0.032420222037474,0.0819413987573017,0.276570780033354,0.112709304088771,0.151399317087516,0.262337107667366,0.102933126353201,0
0,1.35863821817939,1.47974705178602,0.090643659163583,0.100686967784477,0.634321976422469,2.36723226133265,0.599764591545814,0.563783699257105,0.202115067228002,0.273430287184934,0
0,1.49227476422982,1.59357374807725,1.12894674669713,0.483988261864776,0.0984093035428901,0.870586892812011,1.1860307302116,1.32909636628009,0.577306628759821,1.3193124719147,1
0,1.40318373352953,1.65048709622287,0.158179354421986,0.324257782023476,1.66278787177913,0.434446172386222,1.42700311125502,0.860831024672139,0.390205823668756,0.384978961558887,1
0,1.35863821817939,1.32797812339771,0.232103665440597,0.671462524974933,0.511084139510538,0.729734005765689,2.85728362464963,0.959225036701295,0.982526714565514,0.895336819314514,1
0,1.4254564912046,0.777815757990087,0.647161579382612,1.89028137219809,0.651803290733324,0.45211055195018,1.04288047065677,1.57764616917838,0.940453782203766,1.25673638629029,1
0,1.40318373352953,0.834729106135703,0.127346920783239,0.444696915933613,0.367831464474583,0.943529483424224,1.63659020062265,1.3793037373471,1.0384589658229,0.316054577392867,1
0,1.33636546050431,0.777815757990087,0.224854636530401,0.166518261261885,0.205794520023859,0.264606243875209,0.187256315467346,0.224301041639924,0.356052502104514,0.520787205359696,0
0,1.20272891445388,0.948555802426936,0.530166564462102,0.522733251583368,0.380535276737752,0.946790204651873,0.377345639563834,0.460337861965789,0.935834009238555,0.550261448588586,0
0,1.13591064142867,1.27106477525209,0.114021103697394,0.175472946983175,0.364356917530811,0.769735609487557,0.356236947817292,0.262461752466397,0.196010367238259,0.224004248539565,0
0,0.913183064677948,1.4228337036404,0.0445085755418133,0.342241235664372,1.10092467641325,0.475269375157577,0.481833663709215,0.493757629084697,0.418914412809713,0.36162629192369,0
0,1.1136378837536,1.32797812339771,0.0296967652752279,0.174806207198343,0.31886206848579,0.268457489419676,0.583933072735908,0.545053085592787,0.482931266756215,0.516025981453491,0
0,1.24727442980403,1.46077593573748,0.127281475487714,0.373161293185973,0.743770205151303,1.3797215537906,0.809185033347029,1.10634973241314,1.21219542769317,1.13861268842681,1