1.641470187402915,0.7079796257444682,0.500655240367951,0.6823096782656395,0.39490175059576327,1.0570881663992522,0.4722158944694944,0.4866787377133988,1
0.1380690333931425,1.41331763170219,0.6554151974454784,0.18591608595916473,0.7956502546595972,0.6005913384940168,0.5907703324121418,0.9958038742311892,1
0.1650763373803587,0.25200031849699,2.0020786236998176,1.18314828476277,0.6571313757665213,0.6346254120878418,0.7925130626447521,0.44076564924987066,0
0.3088408440763692,0.5631116652655178,0.4339089560013478,0.16520636075270098,0.44659360836020107,0.49671121834570015,0.3174055965181199,0.3139094863099002,1
0.30583822098492397,0.7100214574636923,1.2002322278180304,1.4979024335510895,0.38604965655999274,1.0918841968645807,0.46887946563433547,0.7567157172692609,1
0.11418119665387115,0.19422924229119298,1.3472057640263255,0.11169781871518736,0.74980515036323,1.2645097591974395,0.5017988968079036,0.6536663409400087,1
4.821902911980981,2.8556165123691173,4.964947348885701,3.145723072987019,1.8932006299835906,0.871001366003164,1.3410219631448808,1.284886283075626,1
1.830062090605325,0.6549558082858672,2.6108915111667566,1.5104629660746847,0.5207981991044998,1.3173387689550187,0.7698253465656713,0.9515912705255695,0
6.510012938969023,2.4567702089151786,0.056984204470849266,0.5699046982019388,4.217312454819567,2.2331262666276688,1.6855638475222934,1.265160659883888,1
0.42777732616918074,0.37477821206358447,0.1522032218667347,0.34401715887680256,0.20643957572309307,0.30766125233820935,0.11321615180639315,0.27547853078116913,1
1.6029686791832887,2.746148809322215,1.8570032696934746,0.6578957745669627,2.235208386587836,1.3721996637032738,1.903543864752677,1.1811567128432106,1
0.07072060504792124,0.7091281560865317,1.0622460032597945,1.9258360724514818,0.7959781099942553,0.6340327789655613,0.5796489029616121,1.2209480561782682,0
0.5050194655333631,0.2746008433391518,2.0210217073070544,0.966319145568591,1.5629410228712628,0.6993070842910317,1.091679514864003,1.1172184859458527,0
0.04563171907207183,0.1504702362585714,1.0942051933947032,0.27229079352758667,0.47407881391571083,0.8129233200196715,1.0567582263893396,0.6812141940181257,0
0.4026667017456105,1.2912033334443433,0.3804886854606944,1.2633605862941466,1.2418067225735874,1.0188209990748518,1.170419235373754,1.021311145599816,1
0.13795490654260792,0.8145760029362116,0.3666203338627583,1.105124815976792,0.685217649435571,0.7400294459791656,1.4395578280765746,0.7880046368147765,1
0.12089837699962007,0.6154591259671258,0.33973587573715025,0.5873480114652692,0.15698806274548607,0.21157002465415112,0.41861060451794085,0.44858787913624953,1
0.6363984916404077,0.14884953233143725,0.1568130929286185,0.1313636390738456,0.15578592651840611,0.2725265743744348,0.40548731776631575,0.22684466670498743,1
3.7571673291425802,0.6086189897077251,0.813390442742639,2.0950160064958294,0.7235220810348002,0.9634521330789275,0.5071371829441579,0.6706711885190932,1
1.1414342610095614,5.236315728294953,1.9168541166733946,2.0912108049538287,1.7396550482520154,2.142030089545689,2.115295881490764,1.9368521392577263,1
0.3966478690328945,0.8538812635312756,0.5342414438188187,0.31357554654079733,0.4870837421904848,0.42500261054975536,0.23221544692706178,0.23500699354294802,1
3.39459447691215,5.446764771305732,0.6816798409745306,1.3429667495267974,2.5966688930484665,1.8503699315090545,2.74499121697976,1.2059837903086739,1
2.6770219041760477,0.8968490597726978,0.12845657513619047,0.3648952558329123,0.19971854136260062,0.762380180876603,0.565413473264934,0.3860100400452185,1
0.47782738474051945,0.40210047275645205,0.04125640908324573,0.14688751439121112,0.284469145371737,0.25186907696922756,0.11966658088770042,0.3768274223525129,0
5.539065171516352,2.3152840322211934,0.5344351358802423,1.7909366266350693,1.4515794941990385,0.6719612987915156,0.7335694865569442,1.7181697993906995,0
0.45211895300462523,1.4124243303250295,1.1798945613685432,0.91355143922952,0.4705816903460237,0.7779579658051199,0.9608915045257729,0.49620145235768615,1
0.17823353286341545,0.11589947296245826,0.5390837453544108,0.256901615609938,0.3870878651197436,0.7988694488341617,0.9688989337301543,0.888333237531375,1
1.5780210931176248,3.0070055729013396,0.46141322872351165,1.6735141684319161,0.7174567573436241,1.1117797373982843,1.2620598140461192,1.1906794274874979,0
0.1738668221774856,0.16064111050995647,0.3721599268194758,0.518147222360744,0.5247324631203978,0.6678128669355519,0.7640422032513958,0.7931060910885018,0
0.033295149990477946,0.2897614438543908,0.3428349487199293,0.5318863571318614,0.43970864633237955,0.5074632764213612,1.0612067981695514,1.1573499262324922,1
0.5779927172263595,1.1543112781186122,0.48686436559458435,1.396812035063603,0.5379013190625008,0.48900698775605317,0.8447837810622421,2.9962541434346917,0
4.054348213322668,0.3932950734672981,0.35953120441465125,0.41567617552616,0.970287862920848,1.0460821226997565,1.036739653378386,1.12674120059014,1
0.024640530491606465,0.1089572451170963,0.3908318415407194,0.38446005314178294,0.5928717301735204,0.49163150586900983,0.7413544871723151,0.9614540821214385,0
0.8929746727838745,2.178889673377023,0.13717271790025645,0.1812016769690754,0.3771975625242222,0.5378568894068916,0.3418727413092854,0.34621869671016076,1
0.6885952219241824,1.8721810262530723,0.33888363066688604,0.19180909719677636,1.3624574857277931,0.5888233379230177,0.8759237835237254,0.9594135004119484,1
0.37501539624466346,0.7342937320259688,0.7006229245817673,2.302450002059759,0.9523651046262015,0.6966825661780751,0.7887317766315719,3.457085512827882,0
0.5721776824610267,0.5469046259941766,2.067120417925892,1.1271141664805655,1.5234344550449537,0.6426682901759349,1.6199474137641676,1.3171954934758865,1
0.7145835361744828,1.1512612919880214,2.1545530144525453,2.915794611670378,3.2964761048763256,1.9046381931350291,0.6508260514450027,2.13886972849725,0
0.5676941276185972,0.48180847849566305,0.31250277190097964,0.07115390140041931,0.17835330205404334,0.30529071984908723,0.3463213130894973,0.3054070625203579,0
0.18835821488941076,0.771582683798299,0.2067469063636455,0.6905598939982958,0.7453244607895684,1.7202446302311711,0.7613730601832687,0.6172759671207679,0
0.019472214545969556,0.41823094333832245,0.9764016816368156,1.3729369209637938,0.3743561496238514,0.6607012694681854,0.5100287546012957,0.16290643980762967,0
0.571609765514319,0.5256440532177555,1.2031763471516705,3.816179380077577,1.1373847984849608,0.4871444265146001,0.8621332110050685,1.8929796325036883,0
0.5152963166934045,0.6184708277529815,0.23428991749809405,0.2616833732998857,0.40151349984470297,0.29631656114026766,0.18239144298868837,0.3366959820658734,1
0.3999466784745366,0.4965096668740766,0.10056491829117926,0.2024501917744065,0.44096542511523584,0.38571950073001704,0.6686203385658503,0.6655697342453679,1
3.3024642181651367,0.8155586344510881,0.7316136544095576,0.6332798247687107,2.0360909133387755,0.7218271429376921,3.6322588585430258,1.547441129696691,1
0.16669856904152866,1.7862964795632084,0.5763500979723286,0.6250632833859836,0.7467451672397538,1.9746535634387439,1.2949792452196875,0.5346324078864172,1
0.04287908812941663,0.2216918789147572,0.1579365068848759,0.7194524862375574,0.48828587841756477,0.45014718730937237,0.904172214328071,0.42001973520338753,0
0.6862039926748866,0.6661986441898449,0.392807500567241,0.2147076551486387,0.5757139676597429,0.32933469223875467,0.6597231950054265,0.27615872468433256,1
0.41317180660672104,0.6165438490679637,0.4341026480627715,0.28050733491031377,1.533488685307804,0.5398887743975678,0.2829291652214776,0.34519840585541567,0
0.08470657885033617,0.6494811469886975,0.38103102323268073,0.18177414091787197,0.4989411767939552,0.3113863748211156,0.8147559215458116,1.53519763943975,1
0.41314735085303506,0.1622362915406003,0.09316588154479434,0.24767484372933465,0.6456564390534854,0.418906955577727,0.23154816116003,0.3496196662259776,1
0.08363324299411819,0.1767460581953366,0.30777668560224164,0.14766202443958293,0.21070169507364925,0.26533031503245685,0.2557928773621849,0.30744764422984805,1
0.05032994108574492,0.8448206352772186,0.5108047043865522,1.2928593168321338,0.13507639787916517,0.7998853913294998,0.34921288474663503,0.7417514513996666,0
1.7279511670484673,1.3347326334085523,0.7572197449297693,1.2044304739180303,2.0198620742731963,2.45256984562069,0.9370916455016391,1.3239974325075203,0
0.21386556598388695,0.20306016447683725,0.17378051750933365,0.16214199490914294,0.5557147922455946,0.1823616779131819,0.16837844188102086,0.2853413423770382,1
1.4057167218700768,1.8591005418017927,0.4385963038878011,2.945394365258153,0.5117821774014001,1.1988121444989115,0.40482003199928396,0.8135119081834032,0
0.3826075491111774,0.6896797089609221,0.4464602015816028,2.6156888051012643,1.2443749226950764,2.3621509635356026,0.7273414860646475,1.7399360042919276,1
0.11384696802016278,0.6724134694852333,0.1197791707844092,0.9061094078951647,1.1231777339831068,0.46360842537260166,0.7575917741700885,0.49041980418079745,1
0.5533386002049275,0.8948965581911897,2.9458625621928842,2.2722441101732582,0.7259809960447365,0.7254676035459868,0.8450062096512526,0.714883792224713,1
0.0778182082287854,0.11810720350886933,0.37336081760030265,3.1022494872284097,0.3397674118174147,1.0678402244749132,0.31918502523020464,2.3031365561112067,0
0.01210288076859453,0.16267018078093542,1.0249021738173072,1.6038419384283822,0.7075664547481028,0.5988981010017868,0.260686306320418,2.6054827460673295,0
0.3552741684081481,0.7851863876276296,0.34481060774645095,0.9906657005674093,0.40828917676097176,0.7346110860040294,0.7974064916029852,0.8777902320323427,0
0.06984563252715621,0.36700649008228775,1.39384681241715,1.0322198483800538,1.1081510311446077,0.6176083752909294,0.7504740593217495,2.216411833457876,1
0.043169839867683274,0.18789956396159826,0.49375980298126765,1.0361597473217712,0.8839526247941971,0.5303219825664677,0.42394889065419517,0.7155639861278764,0
0.2533507389628827,0.23011443475655663,0.7083706070387149,0.4919149037658899,0.24600078610517867,0.6284450952412021,0.34076059836423245,0.9481903010097525,0
0.6229967386204912,1.021464601886594,0.22359811570750643,0.35166123631073304,0.23966224963512076,0.48138741904101773,0.6568316233482887,1.2444147458374049,1
0.2071646894739287,0.33031732637747957,1.83554218928773,0.9204210066150788,0.43987257399970864,0.4458294317041856,1.018055651901496,0.4441666187656875,1
0.3151477112213867,0.3295133551380351,0.2376214209545815,0.10129244458706167,0.24195723697772792,0.15518521616288877,0.4065994607113687,0.0914860799754747,0
2.01427369659198,0.06218653729861915,0.3212963914896151,0.3358342918440047,0.6881683474474944,0.3361076422076751,1.9424688678295312,0.7859640551052863,1
3.1668353255286616,3.8946153441445484,0.5838653499555677,0.22888455646883585,1.4323453145657592,2.441055830673525,0.8492323528424539,1.0315140541472667,0
1.3615061538177569,1.87579251610645,3.0615741996873957,2.1407794480496247,2.887749787669143,1.966780009099874,2.1693460286203385,1.6362064340595122,1
0.05081633885349939,0.4009519424143885,0.12927008179416996,0.5093918913791495,0.830566847800692,0.6845759181086298,0.7329022007899124,0.4591308846352819,1
0.13468598746658206,0.20166916661811582,0.18164441520313543,0.42342127600987817,0.08529702956690002,0.14155465435043646,0.181501728632646,0.6999195263551187,0
0.30338721100439586,0.05697986641459768,0.02731058066074013,0.14907634713660972,0.051254717318226915,0.060025269099557084,0.0553847186636383,0.11053150926404935,1
0.9255660405293893,4.6263567865214865,0.9662134792059296,0.4114332074350796,1.8999763068998594,1.952556814165141,1.3541452498965059,1.7069465999885036,1
0.142653128556281,1.1953903800197523,1.1272490590735844,0.3212869726745862,1.4288481909960722,0.53438575254782,1.3379079628987325,0.7934461880400835,0
0.12171628609511782,0.9232652576401597,0.25737801121979775,1.262148309696695,0.6747262787265096,0.5433599112566394,0.9706783624422392,0.9539719491866413,0
0.12003155639675037,0.14282612875972614,1.2975818578895764,3.5750036858845795,0.9083778472262306,0.385550176980794,0.8254324938183202,0.7638577532524764,0
0.9020151497297915,0.730924709689249,0.0863479209826805,2.109394953915602,0.38173289465366017,0.696174594930406,0.8167577788469069,0.7352896093196144,1
0.16223946995278513,0.48868689909979923,0.8722340910031557,0.09162790615737859,0.5823257169086826,0.5062780101768002,0.5869890463989618,0.4064158571401199,1
0.21704481396306421,0.08430212710746524,0.9987924839373941,0.20268591222391097,0.28485164326217155,0.2900515824190163,0.3623361714982602,0.08876530436282117,1
0.9006347582995162,1.0947025533655137,0.5400909440738141,0.5728006922958507,1.9480617559830573,0.8995324177472412,1.4055262539579534,1.686880879845184,1
0.4126636703912457,0.36338223878066495,2.3632755798427127,1.6922034326426274,0.6598088609995629,1.316407488334292,1.4973892612193294,1.8184984001072981,0
1.956351602639721,0.45345254049493827,0.20081992928408063,0.22945702041763238,0.5953306451834566,0.8031872044393484,0.2720301643599584,0.32479258876051426,1
1.0322529073314906,1.2723929587309915,0.6211704409857702,0.33317401819959713,1.127876993779874,0.9317885919742246,0.34921288474663503,1.6930026249736543,0
0.24935086458224257,0.06582355004848708,0.12272329011804926,0.17035853629187,0.07054353950728247,0.13291914314006292,0.08318829228996275,0.2458900959935621,0
0.030985439920135478,0.27699999560924016,1.988016580040458,2.3590229099408306,0.9227488393954136,1.4605019989230736,0.6772950535372635,0.5016430035829932,0
0.31451457893151635,0.3080996449826723,1.3659551555721385,1.0043711609885975,2.2488690255319264,0.426780509916597,0.6908631974669098,3.8199689601655455,0
3.594870795764528,0.5540893213561964,5.338463120135143,0.49484457220973116,1.770910590156094,1.3758401243115685,1.0534217975541806,1.1573499262324922,1
3.7811040773892235,0.25390177428551747,2.6975880778599994,1.404658158597109,1.667308304404113,4.062330729483847,0.7769430614140104,1.1502078902492767,1
0.15432939228835346,0.08240067131893779,0.3964876497342911,3.150235435877533,0.6048384498885434,1.365850023107411,0.7473600590756011,0.819293556360292,0
3.4160421728947536,1.0116510481860732,1.98991476224241,0.7147717515973973,0.42779656917313275,1.8936321494355335,1.7113655638475225,2.3565317775095322,1
0.04323233790488077,0.2858309177948844,0.39652638814657587,0.3867499089369692,0.46850527322652197,0.46665625285861584,0.35899974266310125,0.5900682109942327,0
0.5114703498945313,1.7305289507319,1.6490554725490023,1.1507872344807997,3.32554594454935,0.9744581767784232,0.4986848965617553,0.939007683317047,1
1.9264639543294895,1.7837697128106684,1.3362815317620296,1.7341616726544222,1.4910314194695713,2.970192546995432,1.8228022869418308,0.7614770745914046,0
0.9888276407030869,0.2610354238545567,0.05795266477796771,0.13186875432278375,0.201740315926326,0.10506538639287777,0.3861360305223939,0.09794792205552681,0
4.490926893512836,1.3865951590768446,4.070322455581968,1.1313234602217168,2.474542780888299,2.6519485603307844,1.0100482226971146,2.859535168898852,0
0.877274078917476,0.4748662506503011,1.4430058576064821,0.9167168281228657,0.28119059202515534,0.4051070700160517,1.3103268178614185,0.9590734034603666,1
0.04813435786593702,1.1106033178789714,0.9715981185135081,0.35492764825386636,0.4201466113644422,0.6071949647137143,0.442188034953064,0.3676448046598072,0
0.05329995650560882,0.30123398582678124,0.8812601410654997,1.1399777681535235,0.8419871419579515,0.26685422877546394,0.2658021638676617,0.9900222260543005,1
0.20598537868507147,0.924566925361165,0.21011714823241767,0.7814469644572318,0.7031950502859938,0.3129949504387342,0.7522534880338343,0.42920235289609315,1
0.4974218780549189,0.20145222199794827,0.052684240707243375,0.19568164743863545,0.25223003746368383,0.20877618279197147,0.26313302079953454,0.2560930045410128,1
0.09322533305095221,0.25165575939437096,0.8655710840901808,1.0617522532679702,0.8447192697467697,0.5078019239198073,0.7555899168689931,0.44382652181410587,0
0.4480429940569621,0.6147700077618877,0.3601510190112071,0.9157739463248478,0.7736293046817235,0.6320855558494968,1.289196101905412,1.370590714874212,0
4.088444968572853,2.0342003731735048,1.6151981002121414,0.37863439060402976,1.115309205951311,2.724165139374398,0.9477682177741478,1.1396648847502442,1
0.18442627315789836,1.0059722037169812,1.0341993927656443,1.3789983039510514,0.837670380051619,0.6099888065758939,1.1012439441914588,3.424096108524458,0
1.7168998836883698,1.009188088674759,2.058016891038979,0.7518135365195275,0.23556405795189364,0.7829530164071987,1.2024489521912798,0.7903853154758482,1
1.5762195192627577,0.4756829833379907,1.260857843043645,0.687697574254313,1.2535002295097286,0.7350343953770869,0.8692509258534076,0.7393707727385948,1
0.1560467296583022,0.5567437025911877,0.38196074512751443,1.0200970824055384,0.6929222498000379,0.7975995207149891,0.9281945019412153,0.7982075453622272,0
0.08445386939558104,0.43331497516409057,0.5211091220542925,0.3083896966516991,0.7200249574651131,2.2550536921520488,0.5529574722803406,3.8332327412772313,0
0.7969641011186859,0.7280023380411095,0.47249241463694663,0.157326562869266,0.8101305319403329,0.5313379250618058,0.6530503373351086,0.32139161924469734,1
0.16474210874665032,0.13980166552562545,0.2704715945720391,0.36408707143461133,0.11627935869209689,0.20335782281683515,0.2575723060742697,0.15066294955068882,1
1.735488973795679,0.4676943167365264,0.690047338028034,0.40887395684045974,0.44140256556144675,0.38444957261084445,1.5832466965774192,0.786304152056868,1
0.07822852142951682,0.8025419572410345,0.8081607570841994,0.46127124533030944,0.40364455951998107,0.5237183563467702,0.46976917999037787,0.36220325343450016,1
0.09569264686727098,0.07317414423769386,0.1374438867862496,0.04515730325506972,0.07835742498330213,0.10337214890064766,0.1657092988128937,0.24793067770305224,0
0.06259314290628087,0.6378044218443847,0.34403583950075617,0.916615805073078,0.8383807332767117,0.38741273822224714,0.453754321581615,0.4040351784790481,1
0.07171513903115107,0.6727197442431169,0.7880942595207052,1.9964511842530337,0.4792152141586888,1.1760381002284166,1.0360723676113541,3.0588319825257226,0
0.4377824467327113,5.456463471972047,0.41171184576219305,0.5418202903609781,2.2860806060156285,4.753002302564505,2.000522729561297,1.6807591347167135,1
0.09534483170373706,0.136292267258209,0.27469408151107555,1.7121386478007192,0.5698672141916722,1.036769316492491,1.2836353871801471,0.705020980628844,0
0.47025697032172636,1.1569528979053585,0.5206442611068757,0.6592764229140603,1.4522898474241313,4.10076722055747,1.9698275842778346,1.3226370447011937,1
2.5027393341859003,0.9325045461696487,1.8766823831341215,0.5188880580591866,1.912926592618857,1.9163215318314168,2.0505691620886806,1.2005422390833669,1
0.8720242437928858,1.6501956340286765,1.3129222691543325,0.9730876899043621,0.6734694999436532,0.8016632906963413,0.6439307651856742,2.187503592573432,0
2.529738486255221,1.9224100865459852,3.337198003093305,2.782343162900921,1.2032290781954762,3.239247984510795,2.6182069212437207,2.3827192427813224,1
1.3929317973042399,0.24034911624916747,0.5297865264060738,0.20898301566067312,0.6172969526055538,0.7806671457926881,0.6850800541526344,0.9628144699277653,1
0.1616443799464263,0.29304113605339455,0.6819897482728086,0.8960407772663311,0.3583458807813775,0.6677282050609403,1.0932365149870773,1.924948745952367,0
1.2103070980012087,2.009979144404209,0.41837485267516794,0.10738750192424856,0.14884632193480823,0.770761706463142,0.19885115857547245,0.37546703454618613,1
0.052427701290808905,0.4279679283493724,0.838802841201427,1.478337636242219,1.0285368273784492,0.6727232556630192,0.7131060563679694,0.5145666877430974,1
1.1337741754939197,0.7291891527279085,1.3570065823343642,0.6422708761998096,0.5237488971164233,1.0853652325194947,1.0956832294661938,1.1206194554616695,1
2.5571479515252733,0.9416162202166863,0.539509867889543,0.3008803166174854,0.9709982161459406,0.6002526909955709,0.32897188314667086,0.556738709739227,1
0.14124828137231976,0.9485712095102935,0.3200567622965035,0.7146370541976804,0.4979029682342043,1.256720866733181,0.5144773263815076,1.5926740242570556,0
0.09195091655331618,0.3153991933788985,1.1052456408958535,0.7186779761891856,0.7870167308469321,0.5722296104991627,1.1601875202792666,1.9868463911402348,1
0.1569434406267881,0.8729851515542661,0.21399098946089146,0.27299795487610007,0.4311844076312672,0.48138741904101773,0.9032824999720287,0.33193462474372976,1
0.03944984800144934,0.4601012550306618,0.435652184554161,0.8066017038543511,0.23512691750568276,0.5497942137271138,0.5694171878671247,1.5709078193558275,0
0.33544870408671446,2.4047417844196994,3.8958059082392236,1.4701210948594918,1.353058966134259,2.093180187894851,3.026140953489153,1.6161407139161923,0
0.6143285325917942,0.5801609601210391,0.7244470481368811,0.9405582678727459,0.7242870768156693,0.7559458784061286,0.3093981673137384,0.9515912705255695,0
1.108750504861233,0.7592040790005029,0.8184651747519397,0.4033850378019986,1.4604862307905853,0.5884846904245716,0.3741248867158218,0.3883907187062903,1
1.0390516068561926,0.8779493549216297,3.2096324114396637,0.4354766932845351,2.0236870531775413,0.579171884217306,2.2552034639784284,1.193740300051733,0
0.02583614511625433,0.1847602476932912,1.9188685141122008,1.0342403093758064,0.6666391804716081,0.8063196937999741,1.0663226557167953,0.9094192485294399,0
0.5362820706619397,0.43855993039284746,1.7191719987843777,0.9233506750589199,0.5863692660361334,1.6710560810818869,1.9520332971569867,3.4489231859899214,0
0.23518283128016537,0.2884980604781209,0.8661908986867366,0.49083732456815526,0.23234014716108833,0.9113850801928519,1.0138295087102946,0.9362869077043934,1
0.40051187811527916,0.4117991734227665,0.2632275114747932,0.11068758821731108,0.4416211357845522,1.2865218465964308,0.32541302572250136,0.29214328140867196,1
0.15549239924142003,0.9670370251210264,0.257494226456652,1.0877825257632492,0.5234210417817651,1.29828984716743,0.9039497857390605,1.5399589967618936,1
0.030031665526382294,0.6348565272997548,1.3044385568639751,0.7143676593982468,0.656038524650994,0.5876380716784566,0.6601680521834477,0.8522829606637159,0
0.18829843415817837,0.6976428526658961,0.6955869309847514,1.8192230805756051,1.3338794290567562,0.46936543284618404,0.42906474820143886,1.2172069897108697,0
0.13415067819145562,0.3577672015527987,0.4691996495927439,0.6253326781854173,0.5179021436483526,0.4569201372782928,0.3231887398323954,0.4115173114138453,0
3.2390912084468697,0.420732187194372,0.6205506263892144,0.08418587482302334,0.930672009982986,1.3015916602772788,6.043607192006893,0.9339062290433215,1
0.13836521974333935,1.292262533648691,0.6155146327921985,1.2203247670846171,0.5624904691618634,0.8945373671451624,0.5465070431990333,0.44790768523308616,0
2.481049797972402,2.2293484397383487,0.419846912341988,0.9057389900459434,0.7525919207078244,0.5329465006794243,1.8806337200845855,0.6801939031633806,0
0.1401423378445205,0.48853376172085744,0.8104463234089989,1.697288259481938,1.4642565671391543,0.3811477595009958,1.3094371035053762,0.8815312984997413,0
1.155610446229534,1.127690897079228,3.861018814007529,1.871687717765313,3.2232004375802252,2.8330403101247934,1.343691106213008,1.4120825429671782,1
0.8100751024003358,0.7014968100359316,0.4033830871209744,0.7004264785275541,0.21392560586445455,0.6877084074692555,0.8476753527193798,1.1845576823590274,1
0.7803532097539758,0.46548658619011535,0.7431189628581247,0.04842371519820302,1.47753470819281,0.5939877122743195,0.4177208901618985,0.3526805387902128,1
0.4504940040374902,3.1407838348552537,2.180817657981598,0.5426621491092084,1.1338330323594974,0.9413553838053247,1.13905680432326,1.4923454235404572,1
0.38472976506992734,0.49876844321346825,0.3910255336021431,0.20908403871046075,0.21015526951588565,0.47639236843893895,0.22598744643476512,0.16188614895288458,1
0.4152423937521339,0.3227370261198601,0.48926614715623806,2.1656311182973815,0.624728340191139,1.1283734648221393,0.906396500218177,1.3413423770381865,0
4.032313579251601,0.7594848308618962,1.2961485366350411,0.9200842631157866,3.5497443508997604,1.497922547501359,3.19318482383611,2.2395384261654305,1
5.891632903183252,2.8542765603033766,1.7284692177327148,1.4523747124467985,0.9730746332654424,1.1183833636179819,2.6162050639426253,1.0090676553428752,1
1.3267219201583993,0.3794616635695548,0.4248054291144344,1.2000191340773039,0.9467915639370126,0.49823513208870723,0.6717343388119986,0.805009484393861,0
0.12927311398408534,0.3711284378654714,0.6171803845204422,0.42257941726164794,0.639700400473862,1.0045131422655074,0.45197489286953024,0.45811059378053687,1
0.05209347265710052,0.7252331037719119,1.567394899452775,0.1764535936290569,0.41960018580667857,0.36269147083568765,1.118148516956264,0.42240041386445937,1
0.07667150511150948,0.6204233293344895,0.5922328470090711,0.4894903505709869,1.5028888540730418,0.3461824052864442,1.1788715217561565,0.9801594144584315,1
4.507233446609454,2.1323231487304684,2.2699547446487793,0.2998364117696799,0.9772821100602223,1.8557882914841908,1.7162589928057554,3.0724358605889903,0
0.4137560273892194,0.6007579375887123,0.16370853031530183,0.09950770404081358,0.261027488943678,0.28395592744698794,0.13723843941953748,0.20473836485217756,1
0.058125891899642027,0.6356477370909542,0.11447200830140013,0.6715338862882925,0.5547858687973964,1.2844052997311433,0.7785000615370845,0.762157268494568,1
0.23246280800909147,0.7861179733495256,0.1355844429965822,2.354106454851166,0.3017908355528436,0.5619008617965591,0.20819315931391746,2.4966517215611885,0
0.8546932663474219,0.23089288309951084,0.13171060176810842,0.7091481351592194,0.20447244371514406,0.28048479058791626,0.3928088881927118,0.09318656473338315,1
0.3706133605811872,0.846887989892933,1.5056846086831879,0.41762928782205416,1.3602717834967386,0.8082669169160388,0.5222623269968785,1.4389502021421317,0
2.1512965671885556,2.283903630986368,0.8660359450375976,0.5432009387080757,1.2749747539298386,2.6245181129566566,0.8258773509963414,1.3284186928780823,1
0.051552728770043875,0.0973698501104995,0.8107562307072769,2.621312421539442,0.5470266258771532,0.560884919301221,0.5442827573089274,1.7497988158877966,0
0.4814305324502537,0.45775314855355403,0.12597731674996723,0.06684358460948053,0.13835495122574687,0.33856283657140873,0.4744401803596004,0.1469218830832902,1
0.33654377839065325,0.6830820402181792,0.3384187697194692,0.5857653170185964,0.576642891107941,0.6668815863148253,0.7931803484117839,0.6250981970071467,1
1.1981308499715562,0.5662382200855798,0.8592179844754838,0.13469739971683733,1.0035105368328756,0.46301579225032113,0.7822813475502647,0.6696508976643483,0
2.937203950335214,1.2380901858480264,2.329108300207574,1.130717321922991,0.5299781484749284,1.965764066604536,0.8708079259764817,0.6431233354409763,1
2.0021789677412807,0.18111047349517811,0.2513735573156634,0.3034058928621761,0.48648267407694484,0.4305902942741147,0.29405059467200734,0.2180021459638635,1
2.0306291611959697,8.823507784213822,2.3124895213374215,2.6474773914344376,3.1421655273638813,3.233067667664155,2.5170019132438997,2.27558870303309,1
0.8566850516198468,0.2527021981504733,0.7369595553048514,0.5145440669183186,0.21960843166519614,0.18828800913598723,0.27425445025006434,0.17140886359717192,0
0.42595129656062763,0.6176796179617821,1.9970813685150866,1.4200473365147577,0.8301843499102576,0.6888936737138166,1.7182608501068508,2.1966862102661375,0
0.396085386698117,0.8320209026873325,2.26243949266554,1.0673758697061482,0.6304111659918805,0.48816036900993814,0.5371650424605883,0.9549922400413864,1
0.2561088045174681,0.5298425696904101,1.0959096835352315,0.39594300646764335,1.9784976595504906,0.7413840359729498,0.2575723060742697,0.7788220191220708,0
0.2003632726432614,0.15418381769791023,0.19132901827431986,0.06701195635912657,0.056172547338099434,0.19844743408936785,0.33898116965214764,0.09862811595869019,1
1.1826286194406106,1.0742969976215178,0.22115759573356794,1.1265080281818398,0.8673959303939596,0.661971197587358,1.22869552569453,1.0318541510988484,1
2.8674860311884176,0.1769757642637493,0.40012906048905644,0.5020845574445112,0.2893323328358332,0.6050784178484266,0.25890687760833325,0.6400624628767412,1
0.2657851310592205,0.1797705214294373,0.3099072982779022,0.3904540874291822,0.2750706257782029,0.11547879697009289,0.3447643129664231,0.2428292234293269,0
0.08383975824746646,0.1322341267162511,0.7918518855123249,0.14644974784213138,0.43714044621089054,0.5293907019457411,0.7224480571064145,0.6788335153570538,0
0.04669418570442937,0.22786841986541012,0.22894401660280025,0.9839645049314967,0.5010722364692333,0.4701273897176876,0.4957933249046175,0.7012799141614454,1
0.024257390350526126,0.3605619587184867,0.8782772833195748,0.4784451637942062,0.23561870050767,0.6038931516038656,0.45975989348490104,0.3230921040026058,1
0.1804100949414676,0.472569189966174,0.644258534707474,0.1475946757397245,0.9302895120925515,0.452433057923883,0.509806326012285,0.4727347626985495,1
2.1017926871162036,1.8358491830991284,1.0870385871220267,0.7710079159791768,0.9949862981317633,2.9252370915767227,1.9277885809548319,1.1709538042957597,1
0.5731314568547798,2.0035218515921627,0.7536170725872886,0.9562505149397574,2.650765023267064,2.051611207460602,0.9991492218355953,0.6155754823628594,0
3.1071551346169777,1.519697064273766,2.155482736347379,0.8396025667849764,0.5095418326145693,0.9775906661390489,0.9161833581346431,1.3114138452989978,1
1.3157820463428713,0.9814447001898016,0.6474738229271072,4.211112156047344,0.5080118410528311,0.4476919929456387,1.207787238327534,1.0009053285049145,0
1.200695986802619,0.6782199284367768,0.9987537455251093,0.37011478007193976,1.3118038365231062,1.4053024566763723,0.7449133445964846,1.0978329597056964,0
0.23329973824634498,0.5283622416939726,0.4473124466518671,0.7574371529577055,0.6138544715916431,1.7398015232664288,0.8510117815545387,0.8958153704661723,0
0.33232651953280445,0.9058458807855291,0.828304731472263,0.3998492310594316,0.9571736495345212,1.4348494509157876,1.1635239491144256,0.35914238087026495,1
0.022885150838146188,0.11789025888870176,0.05737158859369664,0.8536447707054566,0.6407932515893892,0.46961941847001853,0.545617328842991,0.4897396102776341,0
0.1907738998923925,0.4117608890780311,1.4413401058782382,1.1837207487115664,1.5609738908633137,0.7622955190019916,1.4402251138436064,1.5651261711789388,0
0.09269274108179089,0.4522274414634038,0.8744809189156705,2.6189215426944683,0.5494855408870895,0.6640877444526456,0.33253074057084037,0.6244180031039834,0
2.6935811667274203,0.4257984821476968,0.8260191651474635,0.906951266643395,0.5979534878607219,0.945927125034346,0.653940051691151,1.3284186928780823,1
0.1966215423293066,0.2533147476662405,0.23707908318259518,0.27215609612786984,0.15562199885107703,0.1893039516313253,0.13123286751625138,0.2353470904945297,0
0.20618645932648952,0.08782428682312682,0.4970525680254704,0.10809466327276196,0.21490917186842906,0.23493670204692652,0.19773901563041946,0.21902243681860856,1
2.689154675310258,0.7946936665702669,1.6398357304252347,2.0109311547225937,4.16725987372842,2.2444709578256106,1.3321248195844568,1.209044662872909,1
0.2667660785126248,0.4889038437199668,0.32338826575299096,0.255453618562982,0.4788873588240306,0.38436491073623297,0.4197227474629939,0.46185166024793545,1
4.427290305115953,1.7296611722512296,0.9675693236358954,1.2144991045468638,2.7852949955884654,1.1317599398065996,1.5469908365686922,0.9583932095572033,1
0.0655414198784239,0.5815647194280057,0.6255866199862303,0.33418424869747343,0.581779291350919,0.5638480849126236,1.858390861183526,0.8757496503228526,1
0.45199667423619533,0.0971656669385771,0.11350354799428168,0.053171798538221536,0.39506567826309236,0.1825310016624049,0.2168678742853307,0.17446973616140712,1
4.03529718120129,1.7505006172355606,1.3675821688880976,2.907679093337438,2.3062437090971057,1.0599666701360433,2.0639148774293163,2.5197783142687435,1
1.109353746785487,1.3400031115337996,0.5173514960626729,0.33926907553678404,0.8445006995236642,0.43202954614251027,0.5854320462758875,0.20507846180375927,1
0.10210820625089283,0.2750985398207127,1.0106851765088085,0.26659982838955026,0.5380106041740536,0.4671642241062849,0.9424299316378935,2.0565662662144812,0
0.03038219799588133,0.4072816207439832,0.3085901922602211,2.312754353138097,0.4299822714041872,0.7234357185553106,0.9410953601038299,1.2172069897108697,0
0.6175675613022038,1.3540407046034653,0.18129576949257278,4.953665246336339,1.9102491073858154,1.4870011656764748,1.3594835360327602,0.8703080990975455,0
0.12554225289399099,1.0424188999051314,0.9191463082799731,0.22097108423547165,0.7957048972153735,0.5089871901643683,0.670399767277935,0.4553898181678833,0
0.03718089752058351,0.2576408786213466,1.7559734904548785,1.0450497757030826,1.2037755037532398,0.4827420090348018,0.5622994730187856,0.34315782414592555,0
0.2752169000641131,0.5433697048302698,0.9282110967546018,0.2449808957349979,0.11502257990924057,0.20327316094222364,0.3265251686675543,0.3152698741162269,1
0.03583311376188955,1.0197418063734986,0.7154209980745372,2.1220228351390555,0.9142792432500776,1.188144748297862,0.7974064916029852,0.6934576842750665,0
1.6199029299578465,1.178073094751083,0.6385639881016174,0.7826592410546833,2.2241159477652346,1.1365856666594554,1.0004837933696589,1.1012339292215132,0
1.5174659296851756,9.50872098628894,1.8765274294849825,1.34242795992793,2.5984720973890862,2.3204126593521304,2.0505691620886806,2.029358510087946,0
0.00972795535508945,0.3449547075146674,0.5026696378067573,0.344252879326307,0.5217271225526979,0.8748958122352932,0.7767206328249998,0.4560700120710467,1
0.8592311673091536,0.722029980262379,3.106200850639414,0.5330312850294545,1.5195001910290555,1.17341358211546,2.2409680342817504,1.1828571976011188,0
1.1647949403916016,1.5319991003820912,0.3089775763830685,1.3939833896695495,0.9961337918030668,1.1533487178325335,0.8999460711368698,0.8876530436282117,1
1.1859518846359387,0.8991205975603347,2.0724275804089016,1.989244873368183,0.3517887740882142,1.9278355467785815,0.8625780681830897,1.8004732616734684,0
0.02592309890713781,0.050841609808680216,1.0667009206725393,0.801415853965253,0.44326041245784303,0.9841942923587462,0.8298810655985321,0.7427717422544117,0
0.03783305095220962,0.33524324540010775,2.607133885175137,0.32088288047543573,0.7412809116621176,1.510029195570804,1.307880103382302,0.6019716042995918,0
0.2603804094946191,0.3562996350046063,0.058688694611377726,0.35452355605471586,0.02529950332445529,0.17804392230799512,0.1819465858106672,0.11121170316721272,1
0.15045723128807345,0.5258354749414328,0.0976207989575392,0.16406143285510788,0.5662608055104323,1.0115400778582624,0.6777399107152847,0.29622444482765226,0
0.01690979502087197,0.8267631860103304,0.9088031521999481,0.7251097770256646,0.5234756843375414,0.23662993953915662,0.8305483513655639,1.0338947328083385,0
0.056533550604088274,0.22074753174461606,0.2862381283719274,0.5277780864404978,1.9894808132615394,0.39020658008442677,0.578091902838538,0.8281360771014159,1
0.2964118865919616,0.25721975082925663,0.16533554363126082,0.5971809216445984,0.23906118152158076,0.3732742051621258,0.702874341273482,1.1032745109310034,0
0.09620893500064165,0.18686588665374107,1.5539139319776862,0.5054183180875029,0.47741200981806886,0.2676161856469675,0.8154232073128433,1.0590619072253837,1
1.5109172223092635,0.2633835303316644,0.2710139323440255,0.1410618518534579,0.4474132466968465,0.5721449486245511,0.8625780681830897,0.5907484048973961,1
1.5564022068592194,1.3054323482376864,1.4318491948684775,2.025916240441092,1.0997907201108243,1.6731726279471744,2.035888875213981,0.7635176563008947,0
0.2918902894660206,0.34401036034452626,1.047835313889872,0.4932282034131291,0.873351968973583,1.5212892248941343,2.43114447788581,2.027658025330038,1
0.08016052597070916,0.1223057199815239,0.28813631057387956,0.18965393880130696,0.17354475714572354,0.6083802309582753,0.6018917618626717,0.5890479201394876,1
1.2188095483660342,0.49192830695406753,0.201207313406928,0.15698981936997392,0.804994131697355,0.7655126702372287,0.6941996263020688,0.3618631564829185,1
0.39147140116936224,0.5889663594101932,0.17358682544790996,0.2006654512281584,0.32840176021593154,0.26279045879411167,0.37968560144108665,0.2550727136862677,0
0.15507393412279327,0.4190731989225024,0.21077570124125822,1.0415476433104447,0.2784584642363373,0.7011696455324848,0.8636902111281426,2.588477898488245,0
0.16495677591789393,0.7822640159794901,0.18737770022127662,0.33320769254952637,0.6982772202661213,0.7573004683999127,0.5600751871286797,0.7366499971259413,1
1.2118342239535997,3.305648984734355,3.310313544967697,2.581105247723966,2.2727478224061963,2.2271152735302517,2.115963167257796,1.7389157134371827,1
0.2900669771634326,0.2195990014025525,3.927803836786417,1.9088642000871603,1.0666773313103493,0.3226464041444458,0.3814650301531714,1.1825171006495372,0
0.08442397902996485,0.31934248088665,1.4259609562011974,0.8886660946318343,0.6921026114633925,1.0149265528427225,0.919074929791781,0.8250752045371806,0
0.6611667355123743,0.5477341201301114,0.47566896444429513,0.1627481332078687,1.1250355808795032,1.5840236739812597,2.6442310661579604,0.9617941790730202,0
0.03203432002266747,0.33678738063777097,0.45021782757322243,0.7453480613331194,1.050721705023652,0.652573729505481,0.26780402116875707,0.3951926577379241,1
0.2846133440914593,0.34388274586207473,1.0645703079968787,0.4454779752135103,1.1897870094744913,0.6672202338132713,1.0772216565783144,2.0528251997470828,0
0.43167666022911183,1.0405940128060749,0.2870903734421916,0.7157146333954152,1.0940532517543065,1.7867042018012027,0.9410953601038299,1.1675528347799429,1
0.09301881779760393,0.5081863920183894,1.7707715639476485,1.3325277010487426,0.9009464596406455,0.796414254470428,0.6056730478758517,1.5940344120633825,0
3.3931271316909912,2.495092837995366,6.505574005449723,1.0285493442377698,4.730078198224941,4.551253055365288,5.993338330890498,2.47284493495047,1
0.13625387300844982,1.4664307792985072,1.5502337828106363,0.227301862022163,0.2833762942562098,1.0209375459401395,0.28448616534455173,0.9097593454810216,0
1.5116644814496683,1.0081416499186566,1.3269455744014078,3.3625185378312685,2.4297358851516826,1.4602480132992393,0.8643574968951744,0.9362869077043934,1
0.04860445179790084,0.2513494846364873,0.6576620253579932,0.9389082247262146,0.6998618543836358,1.1808638270812726,0.5903254752341207,0.7383504818838497,1
0.10000229412793352,0.24851644312606389,0.21631529419797574,0.7831980306535506,0.9205084946085828,0.3667552408170399,0.3283045973796391,0.6216972274913299,1
0.16969575752104363,0.4359565949508367,1.2172383908110302,1.3330328162976806,0.4062127596414701,0.7573851302745243,0.7764982042359891,0.9821999961679216,0
0.0558922663963226,0.2955296184611989,2.906388120074736,2.930341930839796,0.7690393299965093,0.586198819810061,1.746286852322186,0.8546636393247877,0
3.982888501052237,1.7178823555209557,2.693636759806956,1.1130382882101562,2.035544487781012,1.4369659977810754,2.40512033297157,1.188298748826426,1
4.909008871998508,3.1200592429051293,2.2303253488814927,1.409170521487623,1.030340031719069,2.3904280296558453,1.7035805632321515,1.0063468797302215,1
4.147049106322354,2.103928926385008,1.459430944415211,1.0437701504057726,1.6617894062707004,1.707460687164834,6.677083813509069,2.363333716541166,1
2.9155606083231222,0.22061991726216454,0.6549115980857768,0.3926429201745808,0.8788708671069955,0.7467177340734745,0.5324940420913659,0.8332375313751412,1
0.5914297952238224,1.1303452783142194,0.6762177248423826,1.6737498888814206,1.0214332951275222,0.946773743780461,0.8772583550577889,0.6421030445862314,1
8.595988188062329,2.5353552072088164,2.138205404468386,5.40338618964093,8.989520063548083,4.939173764835205,2.613535920874498,2.640852829031825,1
1.7439887068545392,1.6885693089018445,4.222680631097841,0.8315880715018245,0.9390869635725456,0.8440788898767054,2.0441187330073736,0.8760897472744342,1
1.171319192013828,1.5402174730519682,2.333253310322041,1.4747008064498643,1.0163515374403205,1.4172397809965946,1.3123286751625138,1.5729484010653176,1
0.09626871573187404,1.2803561024359653,0.9989086991742482,0.12668290443368552,0.7559251166101825,0.4263572005435394,0.5409463284737684,0.4288622559445115,1
0.7173579055648589,0.8064724833005409,0.11729991239818598,1.3958018045657268,1.2055240655380834,0.6900789399583777,0.7731617754008302,1.0015855224080779,0
0.019594493314399452,0.16728982504567996,0.5170803271766798,0.14550686604411353,0.6533610394179523,0.4684341522254575,0.4528646072255726,0.6169358701691863,0
0.12881117197001685,0.5301233215518034,0.35918255870408866,0.7623199336974409,0.6279522509819443,0.6165077709209797,0.7139957707240118,1.0719855913854879,1
0.06830220273897443,0.12720611610766175,0.06294991996269889,0.22245275563235686,0.8132451576195855,0.32425497976206435,0.32430088277744834,0.508444942614627,1
0.8416746534685858,0.22107932939898997,0.09734963007154603,0.06381289311585168,0.1035476431962047,0.09659919893172726,0.19729415845239828,0.2601741679599931,1
0.11058348355606712,0.45529018904223995,0.3930399310409495,0.06438535706464825,0.1911396601057119,0.15628582053283832,0.37679402978394894,0.23228621793029447,1
0.06519360471488997,1.0821835726370208,0.3220324213230251,1.314107831637465,0.8213868984302634,0.44439017983579004,0.7157751994360966,0.579865302446782,1
0.5553439720071778,0.9397020029799137,0.842947851315894,2.074036886489932,2.521753949079075,1.8824567819868148,0.9402056457477875,0.3516602479354678,1
3.401346982235445,2.800933706638647,7.741251880508289,1.1755042073288393,2.3945460792317057,1.3970902548390565,4.38451234657686,2.127306432143473,1
0.77995648308307,0.14005689449052847,0.9041545427257797,0.5663352171094426,0.6428150261531146,0.3162121016739714,0.16971301341508443,0.09386675863654653,0
0.3735507683294698,0.3740890938583463,0.6246956365036813,0.20686153161513293,0.47036312012291825,0.30419011547913766,0.1657092988128937,0.3911114943189439,0
1.199793841222203,0.8613211878581984,0.47559148761972564,0.2356194264546777,0.5804678700122863,0.5199085719892526,0.5146997549705181,0.6985591385487919,0
0.7335041376095353,0.5105344984954971,1.5109917711661969,0.6479281669879168,1.7760469903990719,0.8926748059037093,1.7469541380892177,1.0876300511582455,1
1.8767155167202778,0.506629495332481,1.0517866319429152,0.7484124271766774,1.3361744163993634,0.7748254764444943,0.5031334683419671,0.8733689716617807,0
0.19275209863499168,0.6079426329507321,0.7359136181731635,0.30950095019936297,0.8752644584257556,1.1387022135247429,1.447565257280956,0.4870188346649805,1
0.7787201088689455,1.0503054749206344,0.4163991936486463,0.6369503289109946,0.5824350020202353,0.8648210491565241,0.9101777862313571,2.3058573317238604,1
0.37186060401917215,0.7305418662418944,0.5850275023241098,0.346340689021918,0.14884632193480823,0.284294574945434,0.23288273269409357,0.1510030465022705,0
0.3847025920102763,1.499955103838518,0.8700260015029256,0.11816329390159555,1.5005938667304346,2.201293401773743,1.6368519865289728,0.6142150945565327,1
0.04578660551208303,0.17822638619177406,0.25489875283357455,1.2473652700777722,1.059082016057435,0.5092411757882029,0.7222256285174038,1.165172156118871,0
0.03345547104241937,0.35458960093975617,0.5563223388211191,0.1768576858282074,0.2804255962442863,0.51076508953121,0.5718639023462412,0.6720315763254201,1
0.2913359590491384,0.9852858961115919,0.8245858438929282,2.233956374303747,0.644399660270629,0.469026785347738,0.7595936314711839,1.5147918223448487,1
0.09229057979895479,0.4929364613654344,0.7356424492871704,0.4823850627359237,2.0203538572751834,0.5729915673706663,0.5881011893440147,1.233191546435209,0
0.29529779114626703,0.46463156915769027,0.8397325630962608,0.6493088153350144,0.4897612274235265,1.9500169579267959,1.1653033778265103,0.6165957732176045,0
0.7292406845502796,0.24717649106032308,1.31257362344377,0.17335555343556966,0.38462895010980735,0.43262217926479085,0.3974798885619343,0.5145666877430974,1
0.060229086716636224,1.3356514576822032,0.18706779292299872,0.35452355605471586,0.15851805430722418,0.62946103773654,0.2515667341709836,0.49348067674503265,1
0.2761462187041803,0.33299723050896124,1.2655064525178137,0.9072206614428286,2.940042713547121,1.05471763391013,0.9395383599807557,1.3076727788315992,1
1.7964435812049993,2.0328731825560094,1.1690090675165319,0.6488710487859346,1.6309163622570564,0.7650046989895597,1.7818754265638812,0.9580531126056216,0
0.2683095083008066,0.24278655286399123,1.0143265872635738,0.6639571575542205,0.6862558579953218,0.9365296569524689,0.5947740470143326,0.5509570615623383,0
0.364263016540728,0.4621303253016407,1.1975592773703836,0.26282830119747885,0.5619440436040998,0.5519107605924014,0.3307513118587556,0.5264700810484566,1
0.0628811773385824,0.17347912744457802,0.5275784369058437,0.1793159133730397,0.6786059001866313,0.35947431960045045,0.5253763272430267,0.33091433388898467,1
1.025448773194858,0.9996042410426509,1.5511247662931853,3.1834383449077337,0.09360269804490694,0.7462097628258055,1.6820049900981238,2.3803385641202506,0
0.019526560665271732,0.7482292335096733,0.9189138778062648,1.9302474122922082,0.4390529356630632,1.3057400921332425,1.0503077973080324,0.9090791515778582,0
0.021040100087837323,0.2879237953070891,0.554269202970028,0.9923830924137991,0.8619316748163235,0.39443967381500206,0.5278230417221433,0.8322172405203961,0
0.09225525482140837,0.4485010985758198,0.2390547422091168,0.12826559888035835,1.226943947402417,0.5594456674328254,0.6746259104691363,0.9658753424920005,1
0.6716908615152406,1.542067883047515,1.125699522582195,0.26824987153608154,2.3788090231681136,1.8992198331598928,1.3537003927184847,0.5291908566611101,1
5.501215816728352,2.7089236647911106,2.2119633414585267,1.5641398798618442,2.208542819368972,3.4957734645836553,1.81879857233964,0.8924144009503554,0
1.435348943419588,3.3790017892474813,0.12865026719761416,1.4954778803561866,0.44888859570280826,2.383062446564644,2.2547586068004075,1.7841486079975473,1
0.31957691994451404,0.4997255518318546,1.1071825615100903,0.8474823646684113,0.7944481184325173,1.0893443406262355,0.5280454703111539,1.3318196623938992,0
3.8035245689073363,0.28990181978508744,0.4446782346165049,0.45446902664460914,0.24310473064903151,0.33619230408228656,0.08496772100204751,0.3411172424364354,1
2.7773312538780384,1.554191258880408,0.7896825344243795,1.1305152758234158,2.359629486090611,1.902944955642799,1.1635239491144256,2.1409103102067406,1
0.07855731545129498,0.33723403132635127,1.1811729289739394,4.3723786178583275,0.9549879473034668,0.7241130135522027,0.3169607393400987,1.176055258569485,0
0.7618130311540386,2.3243574219234953,1.0161472926409565,0.31505721793768254,1.1488597351979968,1.0399864677277282,0.9362019311455968,0.5509570615623383,1
0.7824265142053538,0.6825332979436377,1.6276331305555423,1.8671080061749408,0.9048260811007671,1.3219951720586514,0.7747187755239044,0.920302350980054,0
0.672250626544053,0.48304633897544264,0.6073408278001188,2.273995176369577,0.8584891938024127,1.073173922575438,0.858574353580899,0.8890134314345385,1
0.9146044282661405,2.3407431214702688,1.9619456285728294,2.0865974190135272,0.5560426475802528,1.3810044986628704,1.8810785772626069,1.853528386120212,0
1.9873696502314377,2.29255589289658,3.0526256264496214,0.9207240757644416,0.831768984027772,3.3724211132746924,0.7500292021437283,1.0995334444636047,1
1.1559202191095563,5.220810568677095,0.7038769512136853,0.952478987747686,0.9228581245069664,1.4157158672535874,0.7635973460733746,0.9978444559406794,1
1.2110244667759975,0.18904809430366182,1.6924037558956238,0.9079951714912005,0.38867249923725805,0.5326925150555898,0.7182219139152132,0.5883677262363243,0
0.17038595323618128,0.3880118338938057,0.3146333845766402,1.147150404688445,0.34392024605641813,0.661971197587358,0.5798713315506226,0.8723486808070356,0
2.76800274249982,3.740673993963296,2.5624297573985495,4.663190303846979,1.1732849576300302,1.7157575508767615,1.022504223681708,0.7162441800310398,0
6.3350754982412845,2.6072914909667304,0.4215126640702317,3.0698547625965102,4.007867538528774,1.5576938309770816,2.0065283014645825,2.4194497135521447,1
0.1393706229504296,0.5618610433374931,0.48043378915531787,1.5380759330166363,0.3479091526280925,0.8439942280020939,0.6323644785571232,0.7652181410588031,0
0.05553629931489335,0.11324509172746693,1.5637922271102944,0.9635915232243251,0.9213281329452282,1.2369946499487003,0.7362386296250714,1.2984901611388937,0
0.5070085334998227,1.2471890984468188,1.7005775608877036,0.9040889468994122,1.7874672845563315,1.6948460678477197,1.4633576871007083,0.7611369776398229,0
0.398734760014098,3.5935727800414443,1.7349772709965507,0.5336710976781095,0.8875043909196606,1.1175367448718667,2.0023021582733813,1.4039202161292177,1
1.6022132681249883,2.486938272566715,0.5745681310072307,0.744977643483898,1.3345351397260725,1.7780686905908292,0.9688989337301543,0.9199622540284723,1
0.5666561167399257,0.768953825459798,1.681750692517321,0.4931608547132707,0.9890849021079162,1.3528967562918508,0.8212063506271189,0.9481903010097525,1
0.07347595329654155,0.45493286849137576,1.1356552945393725,0.5917256769560664,0.22545518513326682,0.30334349673302263,0.4077116036564217,0.532591826176927,0
1.4649974688048901,0.8136954630072961,0.8880781016276135,1.3441116774243906,1.5957265563370797,2.1425380607933584,0.9141815008335479,0.7995679331685539,1
0.8413458594468076,0.5344749754033998,0.15460500342838845,1.0523571096377209,0.6785512576308549,1.0810474769143081,0.641261622117547,0.540414056063306,1
0.8775539614318822,2.8012399813965305,0.6369369747856585,0.4823513883859945,1.4060076026815531,0.47469913094670885,1.953590297280061,0.5431348316759594,1
2.2650484294999393,1.1130662773902855,0.906904969997996,1.792519321081742,1.084764017272325,0.3167200729216404,0.8205390648600871,0.8386790826004483,0
0.15015289301998125,0.20690136039862758,0.9666008633287769,0.36967701352286003,0.49112729131793553,0.2193589171184096,0.40393031764324155,0.3312544308405664,0
1.1436733211248111,0.9039827093417371,1.3870675902673206,0.8487619899657213,1.3590150047138825,1.021360855313197,0.7177770567371919,0.6159155793144412,1
0.6230891270233049,1.0415000756314805,2.075139269268833,0.5173727123123721,2.111497640310154,1.1382789041516854,1.1116980878749567,0.6199967427334214,1
0.043533958867007845,0.3807760927388053,0.42879548557976244,0.5702414417012308,0.14687918992685922,0.5210938382338136,0.4034854604652204,0.9468299132034258,0
0.0013369145348335223,0.08814332302925558,0.12241338281977136,0.3432089744785015,0.8965750551785365,0.29538528051954116,0.3665623146894615,0.526129984096875,1
0.12361568296472886,0.1410522874536502,0.06209767489243465,1.274540470470644,0.3397674118174147,2.132971268962258,0.44530203519921235,1.0131488187618554,0
0.5005793875863753,0.30141264610221336,0.17591113018499424,0.1356402815148552,0.048522589529408855,0.19785480096708732,0.1359038678854739,0.10917112145772259,1
7.253109166635393,1.9005624871502873,0.7211542830926784,1.3336389545964065,2.764694752060777,2.2858706145106367,0.8022999205612182,1.1362639152344274,1
0.2307373187212474,0.40754961115713134,1.1199274991517691,0.09607292034803423,0.85657670435024,0.43177556051867577,0.7139957707240118,0.618296257975513,1
0.1060021056988937,0.231160873512659,1.2490813657090847,1.74362416498453,0.5974070623029583,0.29860243175477835,0.37456974389384295,1.5375783181008218,0
0.2717441830407041,0.22236823567175018,0.4297639458868809,0.5179115019112396,1.2485277569340798,0.8831080140726092,0.722670485695425,0.7420915483512482,1
0.0818425383631115,0.3491915083320574,1.8276395531816434,1.489921612617867,0.5273553057976631,0.6173543896670949,0.7658216319634806,1.5392788028587303,0
1.575703231129387,2.45521331222927,1.8226035595846275,3.953132961239671,1.4756222187406374,1.1354850622895059,0.5322716135023552,1.2467954244984767,0
0.2355007560780831,1.4444683268686027,1.079019735779086,1.844445168672583,0.62155907195611,0.511273060778879,1.8365928594604877,1.3505249947308922,0
3.4947652440099204,0.41413451845162913,0.8922231117420804,0.6419341327005175,2.3611048350965724,0.8279084718259079,1.3699376797162581,1.250876587917457,0
0.04585997277314097,0.38303486907819695,0.38339406638204976,0.7278710737198597,1.6346866986056252,0.4669102384824504,0.9184076440247492,0.5285106627579468,0
0.5145816652245809,4.462397699467791,1.7734832528075801,1.0344760298253106,0.5877353299305423,0.9957929691805224,1.2609476711010663,3.228880458316568,0
0.028287155096782455,0.4265514075941607,0.5363720564944792,0.6935569111419955,0.8059230551455531,0.6048244322245921,0.6450429081307272,0.8352781130846314,1
0.47659101052639496,0.4580721847596828,0.36061587995862393,0.10048426018876065,0.6569674480991922,0.3222230947713882,0.24622844803472932,0.19521565020789025,1
0.060604074939821236,0.0923035551571747,0.5727861640421327,1.6717967765855266,0.35861909356025934,0.4972191895933692,0.6650614811416807,0.6747523519380736,0
2.9392229086672894,0.46884284707859,1.253187637411267,1.142301298298639,1.6694940066351673,0.7929431176113564,1.4738118307842063,3.4587859975857906,0
1.7800772473771491,0.6573549605559554,0.17622103748327214,0.19790415453396326,0.24250366253549155,0.21724237025312196,0.41638631862783493,0.3407771454848537,1
0.5375863775251919,0.8359769516433292,2.3098553093020593,5.1667902070383045,0.8281079327907558,0.9083372527068377,1.9008747216845499,1.6930026249736543,0
2.088018663179067,1.8856826384964416,4.1610090787405385,0.2905086168392889,4.181412295674497,2.141776103921855,2.3708663302639383,1.476020769864536,1
0.15061755234001487,0.3668661141515911,0.7215029288032411,0.1439578459473699,0.9203445669412537,0.31748202979314394,0.2709180214149054,0.3329549155984748,1
1.136203447026727,0.2866859348273095,0.6488684057693577,0.7658557404400078,0.6172969526055538,0.3581197296066664,0.6850800541526344,0.4727347626985495,1
5.261405413389606,1.7836038139834816,2.1777185849988188,0.727601678920426,2.0456533605996388,5.472966884260744,1.8893084350559988,0.9342463259949033,1
1.2467298671575269,2.4446595945305307,0.42755585638665083,3.6212385683373842,0.9308905802060914,1.0503152164303318,1.1695295210177115,0.9209825448832174,0
3.2110920877823887,1.228582906905389,0.1595635202008349,0.2266283750235788,0.74980515036323,0.9565945212353956,0.6559419089922464,0.3819288766262382,1
1.5711979378392367,2.0937070063406424,0.08475964607900625,0.23716844655142133,0.6483885668423034,0.693973386190507,0.3954780312608389,0.34995976317755934,0
0.30828923096545213,0.51755329503033,1.193956605027903,0.8310492819029571,1.252953803951965,0.46851881410006896,0.45508889311567857,0.5240894023873848,1
0.15033766982560864,0.7416443262151755,0.7203407764346988,0.534715002525915,1.1237241595408705,0.9825857167411276,0.8643574968951744,1.2015625299381119,1
2.345586660999799,1.4668901914353325,2.263214260911235,2.67249743343184,4.156386005128923,2.13305593083687,0.7471376304865905,2.210290088329405,1
2.816688713476674,8.405161987841293,3.386938124466908,0.24541866228407763,2.465799971964081,2.95884785579749,2.164230171073095,0.5679619091414229,1
0.7171758460651966,1.047051305618121,2.367924189316881,1.0170327165619804,0.46484422198950576,1.2742458747777625,2.6566870671425535,2.309258301239677,0
0.5138670137557573,0.3775219234362919,0.1468573209714409,0.10381802083175237,0.10699012421011546,0.17177894358674375,0.21953701735345785,0.23194612097871278,1
0.5061634513446739,0.6912238441985853,2.1803915354464656,0.8060292399055546,1.4313071060060083,0.8816687622042136,0.6301401926670173,0.7485533904313004,0
0.11706697558881668,1.0367017710913038,1.222623030118609,0.8821669450954969,1.153285782215882,2.308898644404966,2.480078767468141,0.8067099691517694,1
0.030675667040113076,0.16749400821760235,0.15820767577086906,0.2562954773112122,0.7954316844364917,0.57883323671886,0.5714190451682201,1.8715535245540418,1
0.14559597091649382,0.5084543824315376,1.4649317989596438,1.1123311268616427,1.9379528831644306,0.4909542108721178,1.0583152265124138,0.580885593301527,0
0.0624790160557463,0.4784522176071884,0.407876742946004,1.9179562745680467,0.41905376024891494,0.40646166000983575,0.7887317766315719,1.5831513096127683,0
0.11504258264481064,0.5445437580688237,0.13817991661965964,0.12200216979352542,0.5292131526940593,0.5556358830753076,0.1857278718238473,0.2499712594125424,0
0.2863632891329893,0.5431527602101023,1.1899278101502901,0.18180781526780118,0.6934140328020252,0.3936777169434985,0.5158118979155711,0.5584391944971355,1
1.0264079822005414,1.4127688894276487,0.560622302584725,0.1713350924398171,0.7881095819624593,0.9290794119866564,0.9003909283148909,0.4397453583951256,1
0.08006542026193035,0.9252815664628935,1.3466246878420545,1.62778440122805,0.49970617257482425,1.0036665235193925,2.365528044127684,3.3322699315974016,0
0.947038192265679,0.8758820003059153,0.1368240721896938,2.1997432347756707,1.2165618618049083,0.7011696455324848,0.9424299316378935,1.265160659883888,1
0.19514604519025253,1.6304409121451833,0.514833499264165,0.5600044393227512,1.7529331893056712,1.834199513458257,1.0665450843058057,1.6555919602996685,1
1.1657623013151803,1.0864841806956367,0.295457870495695,1.0442079169548522,0.6623224185652755,1.5289087936091699,1.3481396779932198,1.0250522120672145,0
0.808107772881597,0.795216885948318,0.15363654312127,0.7819184053562407,0.6217229996234391,0.6993917461656433,1.4253223983798964,1.2202678622751049,1
2.0033691477539985,0.43752625308499027,1.3099006729961231,0.384628424891429,0.9393055337956511,0.5475930049872146,0.6548297660471933,0.45062846084573965,0
0.17288044011215115,0.34312982041561085,0.3914903945495599,0.3726403563166305,1.1122492228278347,0.8475500267357771,0.33097374044776623,1.0437575444042075,1
0.13077034957086028,0.6472861778905316,0.18784256116869347,0.6536864808258116,0.4235344498225766,0.8892036690446375,0.5316043277353234,0.7883447337663582,0
0.10418422800823593,0.7124078482855354,2.596829467507397,0.9240241620575042,0.424955156272762,1.2184536994087807,0.6363681931593139,0.7934461880400835,0
0.036012455955586734,0.37887463695027784,0.48562473640147275,0.21645872134495758,0.3583458807813775,0.4398184386067688,0.9766839343455251,0.7356297062711962,1
0.06730495144977951,0.9005881641085269,0.8630530872916728,0.6326063377701265,0.5191589224312089,0.5320152200586977,0.6677306242098079,0.5465358011917764,1
0.3420599094998241,0.8618316457880044,0.23870609649855415,0.7616464466988567,0.4286162075097782,0.737574251615432,0.8547930675677188,1.500167653426836,1
0.03543638709098367,0.2770638028504659,0.2678761209489617,0.6462781238413855,0.490744793427501,0.678903572509659,0.3843566018103092,0.8638462570174934,0
0.1902576117590218,0.434961201987715,0.31072080493588167,1.3812544853963085,1.0248757761414329,0.3734435289113488,0.9124020721214631,0.42614148033185795,0
0.6196870599549887,5.366214509982341,0.9862799767694237,0.14119654925317474,2.3528538091743423,1.0075609697515215,0.726006914530584,0.8012684179264624,1
0.7893040156030442,1.4849221178057304,1.0721630368046873,1.2657177907891912,1.0602295097287386,1.2693354860502952,1.4239878268458328,1.7015050487631966,0
2.5335454319123385,1.9338188212771499,0.47466176572489194,3.053051261981835,0.8762480244297302,1.3618709150006703,0.8312156371325957,1.0128087218102737,1
2.4948211046035733,1.8357598529614123,0.8533297458082036,0.6127047969619638,2.3496845409393132,2.7405048811744184,2.7178549291204672,3.142155735663237,1
3.9090674498981266,0.750066882056975,0.44998539709951396,0.8187581441787958,0.9107274771246141,0.46792618097778843,1.1119205164639674,0.5584391944971355,1
0.9624806420653922,0.4875256073094905,1.1280238273192793,0.2644783443440101,0.6515578350773323,1.631688309387537,0.906396500218177,0.9600936943151117,0
0.27078497403502066,0.6860554576592993,0.6165218315116017,0.5053172950377153,0.7021568417262429,1.8391945640603358,1.170864092551775,1.194760590906478,1
0.1123714708811087,0.34625637523567276,0.6420891836195286,0.1891488235523688,0.8224797495457906,0.48672111714154254,0.4888980386452891,0.23058573317238604,0
0.33093797618463383,1.4842329996004922,1.88869129094239,0.6245244937871163,0.23758583251561902,0.9168034401679882,0.956442932745561,3.366959820658734,0
0.07856003275726009,0.20417041047416534,0.6196209044943807,2.1297679356227737,0.38375466921738555,0.2823473518293694,1.313440818107567,1.0430773505010442,0
0.07232653287330054,0.4532355958747707,1.3233816404712118,0.359372662444522,0.972856063042337,1.18128713645433,0.9682316479631226,1.0594020041769654,0
3.0955386516161374,3.620678096114144,1.6404942834340752,2.2551038660592906,2.1231911472462954,2.483302106104666,1.9180017230383657,0.7631775593493131,1
7.310721487707629,1.8768261934143071,1.354101201413009,1.4290047135959272,3.036869322382833,4.479290461945509,3.0655108137440283,2.5340623862351745,0
0.4175629730463368,1.498959710875396,0.8240047677086572,0.2765000872687378,1.5943604924426706,0.9690398168032869,0.5594079013616479,2.1650571937690404,1
4.3837862366145615,2.5254012775775987,0.3241630339986857,3.7060642558090624,1.6900942501628555,3.6120142184252515,6.142143056938586,3.575779348929892,0
1.165303076607077,1.8183532375550266,1.619536802388032,4.030651314776711,4.059176898402777,6.287752765521869,2.540801772268033,1.9004617654384854,1
0.21649591815811225,0.10302317168310125,0.4542853608631199,0.20544720891810614,0.08999628936366709,0.22342268709976185,0.1706027277711268,1.1587103140388189,0
0.08034530277633656,0.4693022592154154,0.39253633168124785,1.1816329390159555,0.40353527440842835,0.7171707398340593,1.1183709455452746,0.6009513134448468,0
0.032265291029701715,0.14058011386857963,0.1468573209714409,0.43072860994451656,0.24392436898567693,0.2748971068635569,0.5478416147330969,0.6278189726198004,1
0.17181525617382848,0.3388802581499757,0.8804078959952354,0.9485054144560393,0.6098109224641923,1.104160168683249,0.6790744822493483,1.1961209787128049,0
0.35450517082002236,1.3894154391390228,0.06643637706832528,0.08256950602642128,0.43205868852368895,0.3869047669745781,0.23844344741935847,0.17651031787089727,1
0.2010181433808526,1.3948262931949666,0.6226812390648749,1.2791538564109457,1.179732779211641,1.3065867108793574,1.025173366749835,0.6390421720219961,0
1.2162036519454948,1.421025546442261,0.3837427120926124,1.1212211552429538,2.2703435499520364,1.4699841288795623,0.7922906340557414,2.114042651031787,1
1.3599708759474705,0.4143259401753064,1.0180454748429086,0.9401878500235246,1.0752015700114617,0.9217138288954555,1.319446390010853,0.7754210496062539,1
0.10490159678302466,0.2573601267599533,0.30122989392612093,2.0779767854316495,0.4369218759877851,0.7995467438310537,1.9168895800933128,1.4447318503190205,0
3.256164041825648,0.5609039347191068,0.012822414466248204,0.15416117397592033,0.6164773142689084,0.2229993777267043,0.48556160981013013,0.5451754133854496,1
2.9037756523524454,1.8955727608864334,3.302759554572173,1.3383533635864957,1.373604567106171,1.230898994976672,1.717593564339819,0.8856124619187216,1
0.14446013702307836,0.29039951626664834,0.46288528839033166,0.12358486424019825,0.15840876919567146,0.38453423448545593,0.3071738814236325,0.28568143932861984,1
0.618494162636306,2.25018788472268,0.9142265299198115,1.6441838096435748,1.0509402752467574,0.9416940313037707,0.8699182116204394,1.5263551186986262,0
1.8203748948397123,0.9020429692084742,1.0198274418080067,0.5731037614452137,1.9718312677457746,0.6916875155759963,0.5324940420913659,0.7784819221704892,1
0.8902274764531496,7.804059491149961,0.7550116554295392,1.704528244716718,3.0792719456652895,3.085163372717856,0.9724577911543238,1.1281015883964667,1
0.3543095247905345,1.4093871056426837,1.472253358881459,0.4844055237316763,0.8178897748605762,1.1421733503838147,0.9771287915235464,0.4849782529554904,1
0.29756674162713287,0.3449674689629125,1.0838620373146781,0.2829318881052168,0.5275192334649922,0.30757659046359787,0.5427257571858533,2.0694899503745856,0
0.05998452917977643,0.48924840282258586,0.4112857232270609,0.5759324068392673,0.4314029778543726,0.6761097306474794,0.6913080546449311,0.1683479910329367,1
1.7095387018288901,0.978522328541662,0.21046579394298032,1.6357988965112018,0.9048807236565435,1.1602909915506767,0.5685274735110823,1.6960634975378897,0
0.8013742887000574,0.670614105282667,0.3754139534513938,1.5759595766869967,0.4759913033678835,0.41196468185958357,0.8334399230227016,0.378868004062003,1
1.0138485940298085,1.4137132365977898,1.0866899414114641,1.4008529570551083,0.3849568054444655,1.030419675896628,0.9419850744598722,1.084909275545592,0
0.13519412368205738,0.3089291391186071,0.07941374518371244,0.47423587005305506,1.2256325260637844,0.4995050602078798,0.627026192420869,0.8839119771608132,1
0.3902567654029586,2.232245288489998,1.3708361955200157,0.11058656516752345,0.9205084946085828,0.2057283553059573,0.36633988610045093,0.5560585158360637,1
0.19778183197640806,0.255560762557387,0.18505339548419233,0.29212498563589095,0.567408299181736,0.7188639773262894,1.4671389731138884,1.3943975014849304,1
0.26029073839777056,0.793009155401907,0.5684474618662421,0.7180718378904598,0.8482163933164568,0.5647793655333502,0.3378690267070947,0.7567157172692609,1
0.8942327854457199,0.3079465076037305,0.19252990905514675,0.7523860004683242,0.6145101822609594,0.7006616742848158,0.41571903286080314,0.5417744438696327,0
4.554169472544777,1.4282995719419969,4.463323648210632,1.9542908981416636,2.1385457054194528,0.45683547540368125,0.9275272161741835,0.6176160640723496,0
0.04291984771889326,0.2935005481902199,1.1183392242480947,0.235989844303899,0.26523496573845784,0.40603835063677823,0.40482003199928396,0.5635406487708609,1
0.19573841789064625,5.738287295017954,4.875849000630804,4.420667635656813,1.012034775533988,1.672241347326448,1.3063231032592277,0.9665555363951639,0
2.0440390661337817,2.0926350446880497,0.41264156765702675,0.9816073004364521,1.0713765911071165,0.6481713120256827,0.6201309061615404,1.0767469487076315,1
1.4915781557555843,0.20482124433466803,0.014643119843630878,0.21689648789403732,0.6469678603921181,0.3824176876201683,0.6692876243328821,0.19691613496579868,1
3.33464527270992,0.6647821234346332,0.21131803901324456,0.05987299417413419,0.28075345157894444,0.1675458498561685,0.17171487071617977,0.22718476365656912,1
1.577374374297929,2.213026547432801,0.4243405681670176,2.864676948477838,0.9968987875839359,1.0986571468335011,1.8312545733242334,1.17503496771474,1
6.638549663036565,2.012531434053239,3.2013423912107295,0.8530049580568017,2.247339033970188,1.7052594784249349,4.509072356422793,3.054070625203579,1
0.3728986148978437,1.0977525394961045,0.7524936586310312,0.08856354031382055,0.5062086367122113,0.2630444444179462,0.4775541806057487,0.20133739533636066,1
0.42987236906827964,0.07649212078143304,0.12400165772344561,0.07415091854411895,0.1346392574329543,0.060025269099557084,0.110547008738266,0.05067444578567186,1
1.7734252823745627,1.3339159007208627,1.109158220536612,0.33755168369039434,1.1507175820943931,1.7918685761525044,1.448677400226009,1.6657948688471191,1
0.17699444134332584,1.3489233638571598,1.518778192035429,1.9295065765937656,1.1703889021738831,1.4423843577562117,0.9124020721214631,0.7012799141614454,0
0.27130669678032154,0.23296023771522523,0.5231235194930989,0.1313636390738456,0.3046868910089907,0.13368110001156647,0.18772972912494268,0.26153455576631984,1
4.07177973108884,5.242198755935967,5.928487877643984,2.461864374624636,5.020394097064749,2.1182401027798563,2.1684563142642963,0.6550267287463355,0
1.0086041935171486,1.656601881047742,1.3995026206107215,0.587482708864986,1.0127451287590807,0.6825440331179538,0.7030967698624926,0.6625088616811328,0
0.2103575239829315,0.6514081256737153,2.1602862994706866,0.527306645541489,1.460431588234809,1.4530517539572612,1.6942385624937064,1.2542775574332738,1
3.4649971571621534,0.282155620700281,2.4899501880138053,1.0594623974727841,0.7166371190069787,1.140734098515419,0.45642346464974215,0.800588224023299,1
0.14226998841520067,0.5874605085172653,0.5711978891384585,0.08775535591551953,0.3232653599729536,0.49798114646487274,0.5376098996386095,0.38056848881991145,1
2.3897428829328167,2.0463492719028884,1.6943794149221454,0.9674977478161133,0.9214920606125573,1.317592754578853,2.275222036989382,0.8468414094384089,0
0.13961518048728938,0.46204099516392466,0.19252990905514675,0.2998364117696799,0.4283429947308964,0.48477389402547794,1.0772216565783144,0.7641978502040582,1
3.0037018619133558,2.185244874603108,0.9564901377224604,0.6894486404506319,1.4685186864897104,2.8930655792243507,1.8201331438737036,2.278649575597325,1
0.14533239223787828,0.2978649634900615,0.6390288490490343,1.589496665358539,0.4123327258884225,0.4343154167570209,0.7727169182228091,0.554698128029737,0
0.4458990396504912,0.3703244666260269,1.2810018174317086,0.3913632948772709,0.23616512606543363,1.768501898759729,1.6308464146256867,0.5101454273725354,1
0.1464845299670844,0.43910867266738896,0.2688833196683649,0.423724345159241,1.3685228094189692,0.7286000929066125,1.347472392226188,1.0621227797896189,0
0.12652048304143015,0.26936864955864004,1.3833874411002707,3.8238234575115073,0.4895972997561974,1.484884618811187,0.7593712028821733,2.5099155026728743,0